1	например	например	ADV	_	Degree=Pos	_	_	_	@vsv1938m-words#@vsv1938m#434.016#434.533
2	ну	ну	PART	_	_	_	_	_	@vsv1938m-words#@vsv1938m#434.816#435.178
3	каждый	каждый	DET	_	Case=Nom|Gender=Masc|Number=Sing	_	_	_	@vsv1938m-words#@vsv1938m#435.178#435.54
4	балуется	баловаться	VERB	_	Aspect=Imp|Mood=Ind|Number=Sing|Person=3|Tense=Pres|VerbForm=Fin|Voice=Mid	_	_	_	@vsv1938m-words#@vsv1938m#435.54#435.902
5	в	в	ADP	_	_	_	_	_	@vsv1938m-words#@vsv1938m#435.902#436.264
6	юности	юность	NOUN	_	Animacy=Inan|Case=Loc|Gender=Fem|Number=Sing	_	_	_	@vsv1938m-words#@vsv1938m#436.264#436.626
7	стихами	стих	NOUN	_	Animacy=Inan|Case=Ins|Gender=Masc|Number=Plur	_	_	_	@vsv1938m-words#@vsv1938m#436.626#436.988
8	и	и	CCONJ	_	_	_	_	_	@vsv1938m-words#@vsv1938m#436.988#437.35
9	все	все	PRON	_	Animacy=Inan|Case=Nom|Gender=Neut|Number=Sing	_	_	_	@vsv1938m-words#@vsv1938m#437.35#437.716
10	потом	потом	ADV	_	Degree=Pos	_	_	_	@vsv1938m-words#@vsv1938m#438.016#438.374
11	Как-то	Как-то	PRON	_	Degree=Pos	_	_	_	@vsv1938m-words#@vsv1938m#438.374#438.732
12	это	это	PRON	_	Animacy=Inan|Case=Nom|Gender=Neut|Number=Sing	_	_	_	@vsv1938m-words#@vsv1938m#438.732#439.09
13	уходит	уходить	VERB	_	Aspect=Imp|Mood=Ind|Number=Sing|Person=3|Tense=Pres|VerbForm=Fin|Voice=Act	_	_	_	@vsv1938m-words#@vsv1938m#439.09#439.449
14	считают	считать	VERB	_	Aspect=Imp|Mood=Ind|Number=Plur|Person=3|Tense=Pres|VerbForm=Fin|Voice=Act	_	_	_	@vsv1938m-words#@vsv1938m#439.616#440.06
15	это	это	PRON	_	Animacy=Inan|Case=Acc|Gender=Neut|Number=Sing	_	_	_	@vsv1938m-words#@vsv1938m#440.06#440.504
16	баловством	баловство	NOUN	_	Animacy=Inan|Case=Ins|Gender=Neut|Number=Sing	_	_	_	@vsv1938m-words#@vsv1938m#440.504#440.949
17	я	я	PRON	_	Case=Nom|Number=Sing|Person=1	_	_	_	@vsv1938m-words#@vsv1938m#441.416#441.882
18	продолжил	продолжить	VERB	_	Aspect=Perf|Gender=Masc|Mood=Ind|Number=Sing|Tense=Past|VerbForm=Fin|Voice=Act	_	_	_	@vsv1938m-words#@vsv1938m#441.882#442.348
19	писать	писать	VERB	_	Aspect=Imp|VerbForm=Inf|Voice=Act	_	_	_	@vsv1938m-words#@vsv1938m#442.348#442.816
20	ну	ну	PART	_	_	_	_	_	@vsv1938m-words#@vsv1938m#443.016#443.216
21	во-первых	во-первых	ADV	_	Degree=Pos	_	_	_	@vsv1938m-words#@vsv1938m#443.616#443.928
22	потому	потому	ADV	_	Degree=Pos	_	_	_	@vsv1938m-words#@vsv1938m#443.928#444.24
23	что	что	CCONJ	_	_	_	_	_	@vsv1938m-words#@vsv1938m#444.24#444.552
24	я	я	PRON	_	Case=Nom|Number=Sing|Person=1	_	_	_	@vsv1938m-words#@vsv1938m#444.552#444.864
25	начал	начать	VERB	_	Aspect=Perf|Gender=Masc|Mood=Ind|Number=Sing|Tense=Past|VerbForm=Fin|Voice=Act	_	_	_	@vsv1938m-words#@vsv1938m#444.864#445.176
26	писать	писать	VERB	_	Aspect=Imp|VerbForm=Inf|Voice=Act	_	_	_	@vsv1938m-words#@vsv1938m#445.176#445.488
27	под	под	ADP	_	_	_	_	_	@vsv1938m-words#@vsv1938m#445.488#445.8
28	музыку	музыка	NOUN	_	Animacy=Inan|Case=Acc|Gender=Fem|Number=Sing	_	_	_	@vsv1938m-words#@vsv1938m#445.8#446.116
29	а	а	CCONJ	_	_	_	_	_	@vsv1938m-words#@vsv1938m#446.616#446.886
30	во-вторых	во-вторых	ADV	_	Degree=Pos	_	_	_	@vsv1938m-words#@vsv1938m#446.886#447.156
31	потому	потому	ADV	_	Degree=Pos	_	_	_	@vsv1938m-words#@vsv1938m#447.156#447.426
32	что	что	CCONJ	_	_	_	_	_	@vsv1938m-words#@vsv1938m#447.426#447.696
33	я	я	PRON	_	Case=Nom|Number=Sing|Person=1	_	_	_	@vsv1938m-words#@vsv1938m#447.696#447.966
34	еще	еще	ADV	_	Degree=Pos	_	_	_	@vsv1938m-words#@vsv1938m#447.966#448.236
35	попал	попасть	VERB	_	Aspect=Perf|Gender=Masc|Mood=Ind|Number=Sing|Tense=Past|VerbForm=Fin|Voice=Act	_	_	_	@vsv1938m-words#@vsv1938m#448.236#448.506
36	в	в	ADP	_	_	_	_	_	@vsv1938m-words#@vsv1938m#448.506#448.776
37	этот	этот	PRON	_	Case=Acc|Gender=Masc|Number=Sing	_	_	_	@vsv1938m-words#@vsv1938m#448.776#449.046
38	театр	театр	NOUN	_	Animacy=Inan|Case=Acc|Gender=Masc|Number=Sing	_	_	_	@vsv1938m-words#@vsv1938m#449.046#449.316
39	где	где	ADV	_	Degree=Pos	_	_	_	@vsv1938m-words#@vsv1938m#449.316#449.586
40	это	это	PRON	_	Animacy=Inan|Case=Nom|Gender=Neut|Number=Sing	_	_	_	@vsv1938m-words#@vsv1938m#449.586#449.856
41	было	быть	AUX	_	Aspect=Imp|Gender=Neut|Mood=Ind|Number=Sing|Tense=Past|VerbForm=Fin|Voice=Act	_	_	_	@vsv1938m-words#@vsv1938m#449.856#450.126
42	подхвачено	подхватить	VERB	_	Aspect=Perf|Gender=Neut|Number=Sing|Tense=Past|Variant=Short|VerbForm=Part|Voice=Pass	_	_	_	@vsv1938m-words#@vsv1938m#450.126#450.396
43	и	и	CCONJ	_	_	_	_	_	@vsv1938m-words#@vsv1938m#450.396#450.666
44	сразу	сразу	ADV	_	Degree=Pos	_	_	_	@vsv1938m-words#@vsv1938m#450.666#450.936
45	шеф	шеф	NOUN	_	Animacy=Anim|Case=Nom|Gender=Masc|Number=Sing	_	_	_	@vsv1938m-words#@vsv1938m#450.936#451.206
46	захотел	захотеть	VERB	_	Aspect=Perf|Gender=Masc|Mood=Ind|Number=Sing|Tense=Past|VerbForm=Fin|Voice=Act	_	_	_	@vsv1938m-words#@vsv1938m#451.206#451.476
47	чтобы	чтобы	SCONJ	_	Mood=Cnd	_	_	_	@vsv1938m-words#@vsv1938m#451.476#451.746
48	это	это	PRON	_	Animacy=Inan|Case=Nom|Gender=Neut|Number=Sing	_	_	_	@vsv1938m-words#@vsv1938m#451.746#452.016
49	звучало	звучать	VERB	_	Aspect=Imp|Gender=Neut|Mood=Ind|Number=Sing|Tense=Past|VerbForm=Fin|Voice=Act	_	_	_	@vsv1938m-words#@vsv1938m#452.016#452.286
50	в	в	ADP	_	_	_	_	_	@vsv1938m-words#@vsv1938m#452.286#452.556
51	спектаклях	спектакль	NOUN	_	Animacy=Inan|Case=Loc|Gender=Fem|Number=Plur	_	_	_	@vsv1938m-words#@vsv1938m#452.556#452.833
52	так	так	PART	_	Degree=Pos	_	_	_	@vsv1938m-words#@vsv1938m#453.416#453.566
53	что	что	SCONJ	_	_	_	_	_	@vsv1938m-words#@vsv1938m#453.566#453.716
54	в	в	ADP	_	_	_	_	_	@vsv1938m-words#@vsv1938m#453.716#453.866
55	общем	общий	ADV	_	Case=Loc|Degree=Pos|Gender=Masc|Number=Sing	_	_	_	@vsv1938m-words#@vsv1938m#453.866#454.016
56	мне	я	PRON	_	Case=Dat|Number=Sing|Person=1	_	_	_	@vsv1938m-words#@vsv1938m#454.216#454.507
57	не	не	PART	_	_	_	_	_	@vsv1938m-words#@vsv1938m#454.507#454.798
58	дали	дать	VERB	_	Aspect=Perf|Mood=Ind|Number=Plur|Tense=Past|VerbForm=Fin|Voice=Act	_	_	_	@vsv1938m-words#@vsv1938m#454.798#455.089
59	прекратить	прекратить	VERB	_	Aspect=Perf|VerbForm=Inf|Voice=Act	_	_	_	@vsv1938m-words#@vsv1938m#455.089#455.383
60	да	да	CCONJ	_	_	_	_	_	@vsv1938m-words#@vsv1938m#455.633#455.896
61	и	и	CCONJ	_	_	_	_	_	@vsv1938m-words#@vsv1938m#455.896#456.159
62	в	в	ADP	_	_	_	_	_	@vsv1938m-words#@vsv1938m#456.159#456.422
63	общем	общий	ADV	_	Case=Loc|Gender=Neut|Number=Sing	_	_	_	@vsv1938m-words#@vsv1938m#456.422#456.685
64	то	то	PART						@vsv1938m-words#@vsv1938m#456.422#456.686
65	я	я	PRON	_	Case=Nom|Number=Sing|Person=1	_	_	_	@vsv1938m-words#@vsv1938m#456.685#456.948
66	думаю	думать	VERB	_	Aspect=Imp|Mood=Ind|Number=Sing|Person=1|Tense=Pres|VerbForm=Fin|Voice=Act	_	_	_	@vsv1938m-words#@vsv1938m#456.948#457.211
67	сам	сам	PRON	_	Case=Nom|Degree=Pos|Gender=Masc|Number=Sing	_	_	_	@vsv1938m-words#@vsv1938m#457.211#457.474
68	не	не	PART	_	_	_	_	_	@vsv1938m-words#@vsv1938m#457.474#457.737
69	смог	смочь	VERB	_	Aspect=Perf|Gender=Masc|Mood=Ind|Number=Sing|Tense=Past|VerbForm=Fin|Voice=Act	_	_	_	@vsv1938m-words#@vsv1938m#457.737#458.0
70	прекратить	прекратить	VERB	_	Aspect=Perf|VerbForm=Inf|Voice=Act	_	_	_	@vsv1938m-words#@vsv1938m#458.0#458.263
71	потому	потому	ADV	_	Degree=Pos	_	_	_	@vsv1938m-words#@vsv1938m#458.263#458.526
72	что	что	SCONJ	_	_	_	_	_	@vsv1938m-words#@vsv1938m#458.526#458.799
73	тянет	тянуть	VERB	_	Aspect=Imp|Mood=Ind|Number=Sing|Person=3|Tense=Pres|VerbForm=Fin|Voice=Act	_	_	_	@vsv1938m-words#@vsv1938m#459.216#459.576
74	к	к	ADP	_	_	_	_	_	@vsv1938m-words#@vsv1938m#459.576#459.936
75	столу	стол	NOUN	_	Animacy=Inan|Case=Dat|Gender=Masc|Number=Sing	_	_	_	@vsv1938m-words#@vsv1938m#459.936#460.296
76	и	и	CCONJ	_	_	_	_	_	@vsv1938m-words#@vsv1938m#460.296#460.656
77	ты	ты	PRON	_	Case=Nom|Number=Sing|Person=2	_	_	_	@vsv1938m-words#@vsv1938m#460.656#461.016
78	не	не	PART	_	_	_	_	_	@vsv1938m-words#@vsv1938m#461.311#461.571
79	можешь	мочь	VERB	_	Aspect=Imp|Mood=Ind|Number=Sing|Person=2|Tense=Pres|VerbForm=Fin|Voice=Act	_	_	_	@vsv1938m-words#@vsv1938m#461.571#461.831
80	от	от	ADP	_	_	_	_	_	@vsv1938m-words#@vsv1938m#461.831#462.091
81	этого	это	PRON	_	Animacy=Inan|Case=Gen|Gender=Neut|Number=Sing	_	_	_	@vsv1938m-words#@vsv1938m#462.091#462.351
82	уйти	уйти	VERB	_	Aspect=Perf|VerbForm=Inf|Voice=Act	_	_	_	@vsv1938m-words#@vsv1938m#462.351#462.613
83	а	а	CCONJ	_	_	_	_	_	@vsv1938m-words#@vsv1938m#463.009#463.223
84	чем	чем	CCONJ	_	Case=Ins	_	_	_	@vsv1938m-words#@vsv1938m#463.223#463.437
85	бы	бы	PART	_	_	_	_	_	@vsv1938m-words#@vsv1938m#463.437#463.651
86	вы	вы	PRON	_	Case=Nom|Number=Plur|Person=2	_	_	_	@vsv1938m-words#@vsv1938m#463.651#463.865
87	хотели	хотеть	VERB	_	Aspect=Imp|Mood=Ind|Number=Plur|Tense=Past|VerbForm=Fin|Voice=Act	_	_	_	@vsv1938m-words#@vsv1938m#463.865#464.079
88	мне	я	PRON	_	Case=Dat|Number=Sing|Person=1	_	_	_	@vsv1938m-words#@vsv1938m#464.079#464.293
89	помочь	помочь	VERB	_	Aspect=Imp|VerbForm=Inf|Voice=Mid	_	_	_	@vsv1938m-words#@vsv1938m#464.293#464.513
90	#цокает#	_	X	_	_	_	_	_	@vsv1938m-words#@vsv1938m#468.704#468.892
91	вы	вы	PRON	_	Case=Nom|Number=Plur|Person=2	_	_	_	@vsv1938m-words#@vsv1938m#469.201#469.434
92	зна...	зна…	X	_	_	_	_	_	@vsv1938m-words#@vsv1938m#469.434#469.667
93	ну	ну	PART	_	_	_	_	_	@vsv1938m-words#@vsv1938m#469.667#469.9
94	что	что	PRON	_	Case=Nom	_	_	_	@vsv1938m-words#@vsv1938m#469.9#470.133
95	такое	такой	DET	_	Case=Nom|Gender=Neut|Number=Sing	_	_	_	@vsv1938m-words#@vsv1938m#470.133#470.366
96	жанр	жанр	PUNCT	_	_	_	_	_	@vsv1938m-words#@vsv1938m#470.366#470.604
97	нет	нет	PART	_	_	_	_	_	@vsv1938m-words#@vsv1938m#471.302#471.604
98	нет	нет	PART	_	_	_	_	_	@vsv1938m-words#@vsv1938m#472.013#472.3
99	нет	нет	PART	_	_	_	_	_	@vsv1938m-words#@vsv1938m#472.3#472.587
100	нет	нет	PART	_	_	_	_	_	@vsv1938m-words#@vsv1938m#472.587#472.874
101	нет	нет	PART	_	_	_	_	_	@vsv1938m-words#@vsv1938m#472.874#473.161
102	у	у	ADP	_	_	_	_	_	@vsv1938m-words#@vsv1938m#473.812#474.149
103	него	он	PRON	_	Case=Gen|Gender=Masc|Number=Sing|Person=3	_	_	_	@vsv1938m-words#@vsv1938m#474.149#474.486
104	городской	городской	ADJ	_	Animacy=Inan|Case=Acc|Degree=Pos|Gender=Masc|Number=Sing	_	_	_	@vsv1938m-words#@vsv1938m#474.486#474.823
105	романс	романс	NOUN	_	Animacy=Inan|Case=Acc|Gender=Masc|Number=Sing	_	_	_	@vsv1938m-words#@vsv1938m#474.823#475.161
106	вы	вы	PRON	_	Case=Nom|Number=Plur|Person=2	_	_	_	@vsv1938m-words#@vsv1938m#475.201#475.526
107	знаете	знать	VERB	_	Aspect=Imp|Mood=Ind|Number=Plur|Person=2|Tense=Pres|VerbForm=Fin|Voice=Act	_	_	_	@vsv1938m-words#@vsv1938m#475.526#475.851
108	мы	мы	PRON	_	Animacy=Anim|Case=Dat|Gender=Fem|Number=Sing	_	_	_	@vsv1938m-words#@vsv1938m#475.851#476.176
109	мы	мы	PRON	_	Case=Nom|Number=Plur|Person=1	_	_	_	@vsv1938m-words#@vsv1938m#476.176#476.501
110	совсем	совсем	ADV	_	Degree=Pos	_	_	_	@vsv1938m-words#@vsv1938m#476.501#476.826
111	разные	разный	ADJ	_	Case=Nom|Degree=Pos|Number=Plur	_	_	_	@vsv1938m-words#@vsv1938m#476.826#477.154
112	поэтому	поэтому	CCONJ	_	Degree=Pos	_	_	_	@vsv1938m-words#@vsv1938m#477.201#477.557
113	в	в	ADP	_	_	_	_	_	@vsv1938m-words#@vsv1938m#477.557#477.913
114	общем	общий	ADV	_	Case=Loc|Gender=Masc|Number=Sing	_	_	_	@vsv1938m-words#@vsv1938m#477.913#478.269
115	то	то	PART						@vsv1938m-words#@vsv1938m#477.913#478.270
116	собственно	собственно	ADV	_	Degree=Pos	_	_	_	@vsv1938m-words#@vsv1938m#478.269#478.625
117	говоря	говорить	VERB	_	Aspect=Imp|Tense=Pres|VerbForm=Conv|Voice=Act	_	_	_	@vsv1938m-words#@vsv1938m#478.625#478.981
118	вероятно	вероятно	ADV	_	Degree=Pos	_	_	_	@vsv1938m-words#@vsv1938m#478.981#479.342
119	люди	человек	NOUN	_	Animacy=Anim|Case=Nom|Gender=Masc|Number=Plur	_	_	_	@vsv1938m-words#@vsv1938m#479.704#480.051
120	даже	даже	PART	_	_	_	_	_	@vsv1938m-words#@vsv1938m#480.051#480.398
121	очень	очень	ADV	_	Degree=Pos	_	_	_	@vsv1938m-words#@vsv1938m#480.398#480.745
122	хорошие	хороший	ADJ	_	Case=Nom|Degree=Pos|Number=Plur	_	_	_	@vsv1938m-words#@vsv1938m#480.745#481.092
123	если	если	PRON	_	Case=Nom	_	_	_	@vsv1938m-words#@vsv1938m#481.092#481.439
124	они	они	PRON	_	Case=Nom|Number=Plur|Person=3	_	_	_	@vsv1938m-words#@vsv1938m#481.439#481.791
125	работают	работать	VERB	_	Aspect=Imp|Mood=Ind|Number=Plur|Person=3|Tense=Pres|VerbForm=Fin|Voice=Act	_	_	_	@vsv1938m-words#@vsv1938m#482.006#482.285
126	в	в	ADP	_	_	_	_	_	@vsv1938m-words#@vsv1938m#482.285#482.564
127	одном	один	DET	_	Case=Loc|Degree=Pos|Gender=Masc|Number=Sing	_	_	_	@vsv1938m-words#@vsv1938m#482.564#482.843
128	и	и	CCONJ	_	_	_	_	_	@vsv1938m-words#@vsv1938m#482.843#483.122
129	том	тот	DET	_	Case=Loc|Gender=Masc|Number=Sing	_	_	_	@vsv1938m-words#@vsv1938m#483.122#483.401
130	же	же	PART	_	_	_	_	_	@vsv1938m-words#@vsv1938m#483.401#483.68
131	жанре	жанр	NOUN	_	Animacy=Inan|Case=Loc|Gender=Masc|Number=Sing	_	_	_	@vsv1938m-words#@vsv1938m#483.68#483.959
132	у	у	ADP	_	_	_	_	_	@vsv1938m-words#@vsv1938m#483.959#484.238
133	них	они	PRON	_	Case=Gen|Number=Plur|Person=3	_	_	_	@vsv1938m-words#@vsv1938m#484.238#484.517
134	есть	есть	VERB	_	Aspect=Imp|Mood=Ind|Number=Sing|Person=3|Tense=Pres|VerbForm=Fin|Voice=Act	_	_	_	@vsv1938m-words#@vsv1938m#484.517#484.796
135	Какое-то	Какой-то	PRON	_	Case=Nom|Gender=Neut|Number=Sing	_	_	_	@vsv1938m-words#@vsv1938m#484.796#485.075
136	соревнование	соревнование	NOUN	_	Animacy=Inan|Case=Nom|Gender=Neut|Number=Sing	_	_	_	@vsv1938m-words#@vsv1938m#485.075#485.354
137	у	у	ADP	_	_	_	_	_	@vsv1938m-words#@vsv1938m#485.354#485.633
138	нас	мы	PRON	_	Case=Gen|Number=Plur|Person=1	_	_	_	@vsv1938m-words#@vsv1938m#485.633#485.912
139	с	с	ADP	_	_	_	_	_	@vsv1938m-words#@vsv1938m#485.912#486.191
140	ним	он	PRON	_	Case=Ins|Gender=Masc|Number=Sing|Person=3	_	_	_	@vsv1938m-words#@vsv1938m#486.191#486.47
141	нет	нет	PART	_	_	_	_	_	@vsv1938m-words#@vsv1938m#486.47#486.749
142	соревнования	соревнование	NOUN	_	Animacy=Inan|Case=Gen|Gender=Neut|Number=Sing	_	_	_	@vsv1938m-words#@vsv1938m#486.749#487.028
143	никаких	никакой	PRON	_	Case=Gen|Number=Plur	_	_	_	@vsv1938m-words#@vsv1938m#487.028#487.315
144	я	я	PRON	_	Case=Nom|Number=Sing|Person=1	_	_	_	@vsv1938m-words#@vsv1938m#487.919#488.219
145	пишу	писать	VERB	_	Aspect=Imp|Mood=Ind|Number=Sing|Person=1|Tense=Pres|VerbForm=Fin|Voice=Act	_	_	_	@vsv1938m-words#@vsv1938m#488.219#488.519
146	в	в	ADP	_	_	_	_	_	@vsv1938m-words#@vsv1938m#488.519#488.819
147	очень	очень	ADV	_	Degree=Pos	_	_	_	@vsv1938m-words#@vsv1938m#488.819#489.119
148	в	в	ADP	_	_	_	_	_	@vsv1938m-words#@vsv1938m#489.119#489.419
149	разных	разный	ADJ	_	Case=Loc|Degree=Pos|Number=Plur	_	_	_	@vsv1938m-words#@vsv1938m#489.419#489.719
150	правда	правда	ADV	_	Animacy=Anim|Case=Ins|Gender=Fem|Number=Sing	_	_	_	@vsv1938m-words#@vsv1938m#489.719#490.019
151	правда	правда	ADV	_	Animacy=Inan|Case=Nom|Gender=Fem|Number=Sing	_	_	_	@vsv1938m-words#@vsv1938m#490.019#490.319
152	в	в	ADP	_	_	_	_	_	@vsv1938m-words#@vsv1938m#490.319#490.619
153	очень	очень	ADV	_	Degree=Pos	_	_	_	@vsv1938m-words#@vsv1938m#490.619#490.919
154	разных	разный	ADJ	_	Case=Loc|Degree=Pos|Number=Plur	_	_	_	@vsv1938m-words#@vsv1938m#490.919#491.228
155	жанрах	жанр	NOUN	_	Animacy=Inan|Case=Loc|Gender=Masc|Number=Plur	_	_	_	@vsv1938m-words#@vsv1938m#491.503#492.201
156	поэтических	поэтический	ADJ	_	Case=Gen|Degree=Pos|Number=Plur	_	_	_	@vsv1938m-words#@vsv1938m#492.201#492.899
157	но	но	CCONJ	_	_	_	_	_	@vsv1938m-words#@vsv1938m#493.302#493.55
158	все	все	PRON	_	Animacy=Inan|Case=Nom|Gender=Neut|Number=Sing	_	_	_	@vsv1938m-words#@vsv1938m#493.55#493.798
159	равно	равный	ADJ	_	Degree=Pos|Gender=Neut|Number=Sing|Variant=Short	_	_	_	@vsv1938m-words#@vsv1938m#493.798#494.046
160	это	это	PRON	_	Animacy=Inan|Case=Acc|Gender=Neut|Number=Sing	_	_	_	@vsv1938m-words#@vsv1938m#494.046#494.295
161	а	а	CCONJ	_	_	_	_	_	@vsv1938m-words#@vsv1938m#494.402#494.675
162	если	если	SCONJ	_	_	_	_	_	@vsv1938m-words#@vsv1938m#494.675#494.948
163	говорите	говорить	VERB	_	Aspect=Imp|Mood=Ind|Number=Plur|Person=2|Tense=Pres|VerbForm=Fin|Voice=Act	_	_	_	@vsv1938m-words#@vsv1938m#494.948#495.221
164	описывать	описывать	VERB	_	Aspect=Imp|VerbForm=Inf|Voice=Act	_	_	_	@vsv1938m-words#@vsv1938m#495.221#495.494
165	это	это	DET	_	Animacy=Inan|Case=Acc|Gender=Neut|Number=Sing	_	_	_	@vsv1938m-words#@vsv1938m#495.494#495.771
166	жанр	жанр	NOUN	_	Animacy=Inan|Case=Acc|Gender=Masc|Number=Sing	_	_	_	@vsv1938m-words#@vsv1938m#495.906#496.409
167	авторской	авторский	ADJ	_	Case=Gen|Degree=Pos|Gender=Fem|Number=Sing	_	_	_	@vsv1938m-words#@vsv1938m#496.805#497.657
168	песни	песня	NOUN	_	Animacy=Inan|Case=Gen|Gender=Fem|Number=Sing	_	_	_	@vsv1938m-words#@vsv1938m#497.711#498.422
169	авторской	авторский	ADJ	_	Case=Gen|Degree=Pos|Gender=Fem|Number=Sing	_	_	_	@vsv1938m-words#@vsv1938m#499.006#499.657
170	песни	песня	NOUN	_	Animacy=Inan|Case=Gen|Gender=Fem|Number=Sing	_	_	_	@vsv1938m-words#@vsv1938m#499.657#500.308
171	вы	вы	PRON	_	Case=Nom|Number=Plur|Person=2	_	_	_	@vsv1938m-words#@vsv1938m#500.812#501.1
172	понимаете	понимать	VERB	_	Aspect=Imp|Mood=Ind|Number=Plur|Person=2|Tense=Pres|VerbForm=Fin|Voice=Act	_	_	_	@vsv1938m-words#@vsv1938m#501.1#501.388
173	вот	вот	PART	_	_	_	_	_	@vsv1938m-words#@vsv1938m#501.388#501.676
174	например	например	ADV	_	Degree=Pos	_	_	_	@vsv1938m-words#@vsv1938m#501.676#501.964
175	я	я	PRON	_	Case=Nom|Number=Sing|Person=1	_	_	_	@vsv1938m-words#@vsv1938m#501.964#502.252
176	считаю	считать	VERB	_	Aspect=Imp|Mood=Ind|Number=Sing|Person=1|Tense=Pres|VerbForm=Fin|Voice=Act	_	_	_	@vsv1938m-words#@vsv1938m#502.252#502.54
177	что	что	СCONJ	_	Case=Nom	_	_	_	@vsv1938m-words#@vsv1938m#502.54#502.828
178	кино	кино	NOUN	_	Animacy=Inan|Case=Nom|Gender=Neut|Number=Sing	_	_	_	@vsv1938m-words#@vsv1938m#502.828#503.12
179	это	этот	DET	_	Case=Acc|Gender=Neut|Number=Sing	_	_	_	@vsv1938m-words#@vsv1938m#503.698#504.295
180	искусство	искусство	NOUN	_	Animacy=Inan|Case=Acc|Gender=Neut|Number=Sing	_	_	_	@vsv1938m-words#@vsv1938m#504.912#505.764
181	режиссера	режиссер	NOUN	_	Animacy=Anim|Case=Gen|Gender=Masc|Number=Sing	_	_	_	@vsv1938m-words#@vsv1938m#505.764#506.617
182	автора	автор	NOUN	_	Animacy=Anim|Case=Gen|Gender=Masc|Number=Sing	_	_	_	@vsv1938m-words#@vsv1938m#506.711#507.604
183	если	если	SCONJ	_	_	_	_	_	@vsv1938m-words#@vsv1938m#508.006#508.389
184	режиссер	режиссер	NOUN	_	Animacy=Anim|Case=Nom|Gender=Masc|Number=Sing	_	_	_	@vsv1938m-words#@vsv1938m#508.389#508.772
185	автор	автор	NOUN	_	Animacy=Anim|Case=Nom|Gender=Masc|Number=Sing	_	_	_	@vsv1938m-words#@vsv1938m#508.772#509.155
186	тогда	тогда	ADV	_	Degree=Pos	_	_	_	@vsv1938m-words#@vsv1938m#509.155#509.538
187	есть	есть	VERB	_	Aspect=Imp|Mood=Ind|Number=Sing|Person=3|Tense=Pres|VerbForm=Fin|Voice=Act	_	_	_	@vsv1938m-words#@vsv1938m#509.538#509.921
188	кино	кино	NOUN	_	Animacy=Inan|Case=Nom|Gender=Neut|Number=Sing	_	_	_	@vsv1938m-words#@vsv1938m#509.921#510.308
189	а	а	CCONJ	_	_	_	_	_	@vsv1938m-words#@vsv1938m#511.208#511.571
190	если	если	SCONJ	_	_	_	_	_	@vsv1938m-words#@vsv1938m#511.571#511.934
191	он	он	PRON	_	Case=Nom|Gender=Masc|Number=Sing|Person=3	_	_	_	@vsv1938m-words#@vsv1938m#511.934#512.297
192	просто	просто	PART	_	_	_	_	_	@vsv1938m-words#@vsv1938m#512.297#512.66
193	ремесленник	ремесленник	NOUN	_	Animacy=Anim|Case=Nom|Gender=Masc|Number=Sing	_	_	_	@vsv1938m-words#@vsv1938m#512.66#513.023
194	тогда	тогда	ADV	_	Degree=Pos	_	_	_	@vsv1938m-words#@vsv1938m#513.023#513.386
195	кино	кино	NOUN	_	Animacy=Inan|Case=Nom|Gender=Neut|Number=Sing	_	_	_	@vsv1938m-words#@vsv1938m#513.386#513.749
196	нету	нет	PRED	_	_	_	_	_	@vsv1938m-words#@vsv1938m#513.749#514.114
197	так	так	ADV	_	Degree=Pos	_	_	_	@vsv1938m-words#@vsv1938m#514.812#515.018
198	же	же	PART	_	_	_	_	_	@vsv1938m-words#@vsv1938m#515.018#515.224
199	как	как	SCONJ	_	_	_	_	_	@vsv1938m-words#@vsv1938m#515.224#515.43
200	вот	вот	PART	_	_	_	_	_	@vsv1938m-words#@vsv1938m#515.43#515.636
201	и	и	PART	_	_	_	_	_	@vsv1938m-words#@vsv1938m#515.636#515.842
202	здесь	здесь	ADV	_	Degree=Pos	_	_	_	@vsv1938m-words#@vsv1938m#515.842#516.048
203	вот	вот	PART	_	_	_	_	_	@vsv1938m-words#@vsv1938m#516.048#516.254
204	в	в	ADP	_	_	_	_	_	@vsv1938m-words#@vsv1938m#516.254#516.46
205	этих	этот	DET	_	Case=Loc|Number=Plur	_	_	_	@vsv1938m-words#@vsv1938m#516.46#516.666
206	вот	вот	PART	_	_	_	_	_	@vsv1938m-words#@vsv1938m#516.666#516.872
207	песнях	песня	NOUN	_	Animacy=Inan|Case=Loc|Gender=Fem|Number=Plur	_	_	_	@vsv1938m-words#@vsv1938m#516.872#517.078
208	вот	вот	PART	_	_	_	_	_	@vsv1938m-words#@vsv1938m#517.078#517.295
209	есть	есть	VERB	_	Aspect=Imp|Mood=Ind|Number=Sing|Person=3|Tense=Pres|VerbForm=Fin|Voice=Act	_	_	_	@vsv1938m-words#@vsv1938m#517.812#518.312
210	какая	какой	DET	_	Case=Nom|Gender=Fem|Number=Sing	_	_	_	@vsv1938m-words#@vsv1938m#518.312#518.812
211	то	то							
212	маленькая	маленький	ADJ	_	Case=Nom|Degree=Pos|Gender=Fem|Number=Sing	_	_	_	@vsv1938m-words#@vsv1938m#518.812#519.312
213	тонкость	тонкость	NOUN	_	Animacy=Inan|Case=Nom|Gender=Fem|Number=Sing	_	_	_	@vsv1938m-words#@vsv1938m#519.312#519.812
214	это	это	DET	_	Animacy=Anim|Case=Gen|Gender=Fem|Number=Sing	_	_	_	@vsv1938m-words#@vsv1938m#520.107#520.51
215	вы	вы	PRON	_	Case=Nom|Number=Plur|Person=2	_	_	_	@vsv1938m-words#@vsv1938m#521.201#521.481
216	знаете	знать	VERB	_	Aspect=Imp|Mood=Ind|Number=Plur|Person=2|Tense=Pres|VerbForm=Fin|Voice=Act	_	_	_	@vsv1938m-words#@vsv1938m#521.481#521.761
217	вот	вот	PART	_	_	_	_	_	@vsv1938m-words#@vsv1938m#521.761#522.041
218	если	если	SCONJ	_	_	_	_	_	@vsv1938m-words#@vsv1938m#522.041#522.321
219	вы	вы	PRON	_	Case=Nom|Number=Plur|Person=2	_	_	_	@vsv1938m-words#@vsv1938m#522.321#522.601
220	обратили	обратить	VERB	_	Aspect=Perf|Mood=Ind|Number=Plur|Tense=Past|VerbForm=Fin|Voice=Act	_	_	_	@vsv1938m-words#@vsv1938m#522.601#522.881
221	внимание	внимание	NOUN	_	Animacy=Inan|Case=Acc|Gender=Neut|Number=Sing	_	_	_	@vsv1938m-words#@vsv1938m#522.881#523.161
222	почти	почти	ADV	_	Degree=Pos	_	_	_	@vsv1938m-words#@vsv1938m#523.161#523.441
223	все	весь	DET	_	Case=Nom|Number=Plur	_	_	_	@vsv1938m-words#@vsv1938m#523.441#523.721
224	мои	мой	DET	_	Case=Nom|Number=Plur	_	_	_	@vsv1938m-words#@vsv1938m#523.721#524.001
225	песни	песня	NOUN	_	Animacy=Inan|Case=Nom|Gender=Fem|Number=Plur	_	_	_	@vsv1938m-words#@vsv1938m#524.001#524.281
226	написаны	писать	VERB	_	Aspect=Perf|Number=Plur|Tense=Past|Variant=Short|VerbForm=Part|Voice=Pass	_	_	_	@vsv1938m-words#@vsv1938m#524.281#524.561
227	от	от	ADP	_	_	_	_	_	@vsv1938m-words#@vsv1938m#524.561#524.841
228	первого	первый	DET	_	Case=Gen|Degree=Pos|Gender=Neut|Number=Sing	_	_	_	@vsv1938m-words#@vsv1938m#524.841#525.121
229	лица	лицо	NOUN	_	Animacy=Inan|Case=Gen|Gender=Neut|Number=Sing	_	_	_	@vsv1938m-words#@vsv1938m#525.121#525.402
230	Булат	Булат	PROPN	_	Animacy=Anim|Case=Nom|Gender=Masc|Number=Sing	_	_	_	@vsv1938m-words#@vsv1938m#526.711#527.11
231	реже	редко	ADV	_	Degree=Cmp	_	_	_	@vsv1938m-words#@vsv1938m#527.11#527.509
232	это	это	PRON	_	Animacy=Inan|Case=Acc|Gender=Neut|Number=Sing	_	_	_	@vsv1938m-words#@vsv1938m#527.509#527.908
233	делает	делать	VERB	_	Aspect=Imp|Mood=Ind|Number=Sing|Person=3|Tense=Pres|VerbForm=Fin|Voice=Act	_	_	_	@vsv1938m-words#@vsv1938m#527.908#528.308
234	ну	ну	PART	_	_	_	_	_	@vsv1938m-words#@vsv1938m#528.899#529.159
235	я	я	PRON	_	Case=Nom|Number=Sing|Person=1	_	_	_	@vsv1938m-words#@vsv1938m#529.159#529.419
236	вам	вы	PRON	_	Case=Dat|Number=Plur|Person=2	_	_	_	@vsv1938m-words#@vsv1938m#529.419#529.679
237	скажу	сказать	VERB	_	Aspect=Perf|Mood=Ind|Number=Sing|Person=1|Tense=Fut|VerbForm=Fin|Voice=Act	_	_	_	@vsv1938m-words#@vsv1938m#529.679#529.939
238	я	я	PRON	_	Case=Nom|Number=Sing|Person=1	_	_	_	@vsv1938m-words#@vsv1938m#529.939#530.199
239	даже	даже	PART	_	_	_	_	_	@vsv1938m-words#@vsv1938m#530.199#530.459
240	не	не	PART	_	_	_	_	_	@vsv1938m-words#@vsv1938m#530.459#530.719
241	хочу	хотеть	VERB	_	Aspect=Imp|Mood=Ind|Number=Sing|Person=1|Tense=Pres|VerbForm=Fin|Voice=Act	_	_	_	@vsv1938m-words#@vsv1938m#530.719#530.979
242	сранивать	сранивать	VERB	_	Aspect=Imp|VerbForm=Inf|Voice=Act	_	_	_	@vsv1938m-words#@vsv1938m#530.979#531.239
243	и	и	CCONJ	_	_	_	_	_	@vsv1938m-words#@vsv1938m#531.239#531.499
244	вообще	вообще	ADV	_	Degree=Pos	_	_	_	@vsv1938m-words#@vsv1938m#531.499#531.759
245	в	в	ADP	_	_	_	_	_	@vsv1938m-words#@vsv1938m#531.759#532.019
246	этом	этот	DET	_	Case=Loc|Gender=Masc|Number=Sing	_	_	_	@vsv1938m-words#@vsv1938m#532.019#532.279
247	разговоре	разговор	NOUN	_	Animacy=Inan|Case=Loc|Gender=Masc|Number=Sing	_	_	_	@vsv1938m-words#@vsv1938m#532.279#532.539
248	его	его	DET	_	_	_	_	_	@vsv1938m-words#@vsv1938m#532.539#532.805
249	упоминать	упоминать	VERB	_	Aspect=Imp|VerbForm=Inf|Voice=Act	_	_	_	@vsv1938m-words#@vsv1938m#533.013#533.464
250	упомянуть	упомянуть	VERB	_	Aspect=Perf|VerbForm=Inf|Voice=Act	_	_	_	@vsv1938m-words#@vsv1938m#533.464#533.915
251	хочу	хотеть	VERB	_	Aspect=Imp|Mood=Ind|Number=Sing|Person=1|Tense=Pres|VerbForm=Fin|Voice=Act	_	_	_	@vsv1938m-words#@vsv1938m#533.915#534.366
252	только	только	PART	_	_	_	_	_	@vsv1938m-words#@vsv1938m#534.366#534.817
253	с	с	ADP	_	_	_	_	_	@vsv1938m-words#@vsv1938m#534.817#535.268
254	большим	большой	ADJ	_	Case=Ins|Degree=Pos|Gender=Neut|Number=Sing	_	_	_	@vsv1938m-words#@vsv1938m#535.268#535.719
255	уважением	уважение	NOUN	_	Animacy=Inan|Case=Ins|Gender=Neut|Number=Sing	_	_	_	@vsv1938m-words#@vsv1938m#535.719#536.174
256	ээ	ээ	X	_	_	_	_	_	@vsv1938m-words#@vsv1938m#536.597#536.861
257	и	и	CCONJ	_	_	_	_	_	@vsv1938m-words#@vsv1938m#536.861#537.125
258	мы	мы	PRON	_	Case=Nom|Number=Plur|Person=1	_	_	_	@vsv1938m-words#@vsv1938m#537.125#537.389
259	так	так	ADV	_	Degree=Pos	_	_	_	@vsv1938m-words#@vsv1938m#537.389#537.653
260	закончим	закончить	VERB	_	Aspect=Imp|Mood=Ind|Number=Plur|Person=1|Tense=Pres|VerbForm=Fin|Voice=Act	_	_	_	@vsv1938m-words#@vsv1938m#537.653#537.917
261	на	на	ADP	_	_	_	_	_	@vsv1938m-words#@vsv1938m#537.917#538.181
262	этом	это	PRON	_	Animacy=Inan|Case=Loc|Gender=Neut|Number=Sing	_	_	_	@vsv1938m-words#@vsv1938m#538.181#538.445
263	просто	просто	PART	_	_	_	_	_	@vsv1938m-words#@vsv1938m#538.445#538.709
264	я	я	PRON	_	Case=Nom|Number=Sing|Person=1	_	_	_	@vsv1938m-words#@vsv1938m#538.709#538.973
265	его	он	DET	_	_	_	_	_	@vsv1938m-words#@vsv1938m#538.973#539.237
266	люблю	любить	NOUN	_	Animacy=Inan|Case=Acc|Gender=Fem|Number=Sing	_	_	_	@vsv1938m-words#@vsv1938m#539.237#539.501
267	и	и	CCONJ	_	_	_	_	_	@vsv1938m-words#@vsv1938m#539.501#539.765
268	стихи	стих	NOUN	_	Animacy=Inan|Case=Acc|Gender=Masc|Number=Plur	_	_	_	@vsv1938m-words#@vsv1938m#539.765#540.029
269	его	он	PRON	_	Case=Acc|Gender=Masc|Number=Sing|Person=3	_	_	_	@vsv1938m-words#@vsv1938m#540.029#540.293
270	и	и	CCONJ	_	_	_	_	_	@vsv1938m-words#@vsv1938m#540.293#540.557
271	как	как	ADV	_	Degree=Pos	_	_	_	@vsv1938m-words#@vsv1938m#540.557#540.821
272	он	он	PRON	_	Case=Nom|Gender=Masc|Number=Sing|Person=3	_	_	_	@vsv1938m-words#@vsv1938m#540.821#541.085
273	это	это	PRON	_	Animacy=Inan|Case=Acc|Gender=Neut|Number=Sing	_	_	_	@vsv1938m-words#@vsv1938m#541.085#541.349
274	делает	делать	VERB	_	Aspect=Imp|Mood=Ind|Number=Sing|Person=3|Tense=Pres|VerbForm=Fin|Voice=Act	_	_	_	@vsv1938m-words#@vsv1938m#541.349#541.613
275	и	и	CCONJ	_	_	_	_	_	@vsv1938m-words#@vsv1938m#541.613#541.877
276	вообще	вообще	ADV	_	Degree=Pos	_	_	_	@vsv1938m-words#@vsv1938m#541.877#542.141
277	просто	просто	PART	_	_	_	_	_	@vsv1938m-words#@vsv1938m#542.141#542.405
278	как	как	SCONJ	_	_	_	_	_	@vsv1938m-words#@vsv1938m#542.405#542.669
279	личность	личность	NOUN	_	Animacy=Inan|Case=Nom|Gender=Fem|Number=Sing	_	_	_	@vsv1938m-words#@vsv1938m#542.669#542.953
280	это	это	DET	_	Animacy=Inan|Case=Acc|Gender=Neut|Number=Sing	_	_	_	@vsv1938m-words#@vsv1938m#543.308#543.659
281	само	сам	PRON	_	Case=Nom|Degree=Pos|Gender=Neut|Number=Sing	_	_	_	@vsv1938m-words#@vsv1938m#543.659#544.01
282	собой	себя	PRON	_	Case=Ins	_	_	_	@vsv1938m-words#@vsv1938m#544.01#544.362
283	понимаете	понимать	VERB	_	Aspect=Imp|Mood=Ind|Number=Plur|Person=2|Tense=Pres|VerbForm=Fin|Voice=Act	_	_	_	@vsv1938m-words#@vsv1938m#545.711#546.416
284	вот	вот	PART	_	_	_	_	_	@vsv1938m-words#@vsv1938m#546.503#546.853
285	я	я	PRON	_	Case=Nom|Number=Sing|Person=1	_	_	_	@vsv1938m-words#@vsv1938m#546.853#547.203
286	получаю	получать	VERB	_	Aspect=Imp|Mood=Ind|Number=Sing|Person=1|Tense=Pres|VerbForm=Fin|Voice=Act	_	_	_	@vsv1938m-words#@vsv1938m#547.203#547.553
287	письма	письмо	NOUN	_	Animacy=Inan|Case=Acc|Gender=Neut|Number=Plur	_	_	_	@vsv1938m-words#@vsv1938m#547.553#547.906
288	и	и	CCONJ	_	_	_	_	_	@vsv1938m-words#@vsv1938m#548.013#548.288
289	в	в	ADP	_	_	_	_	_	@vsv1938m-words#@vsv1938m#548.288#548.563
290	них	они	PRON	_	Case=Loc|Number=Plur|Person=3	_	_	_	@vsv1938m-words#@vsv1938m#548.563#548.838
291	спрашивают	спрашивать	VERB	_	Aspect=Imp|Mood=Ind|Number=Plur|Person=3|Tense=Pres|VerbForm=Fin|Voice=Act	_	_	_	@vsv1938m-words#@vsv1938m#548.838#549.114
292	не	не	PART	_	_	_	_	_	@vsv1938m-words#@vsv1938m#549.51#549.768
293	плавал	плавать	VERB	_	Aspect=Imp|Gender=Masc|Mood=Ind|Number=Sing|Tense=Past|VerbForm=Fin|Voice=Act	_	_	_	@vsv1938m-words#@vsv1938m#549.768#550.026
294	ли	ли	PART	_	_	_	_	_	@vsv1938m-words#@vsv1938m#550.026#550.284
295	я	я	PRON	_	Case=Nom|Number=Sing|Person=1	_	_	_	@vsv1938m-words#@vsv1938m#550.284#550.542
296	не	не	PART	_	_	_	_	_	@vsv1938m-words#@vsv1938m#550.542#550.8
297	летал	летать	VERB	_	Aspect=Imp|Gender=Masc|Mood=Ind|Number=Sing|Tense=Past|VerbForm=Fin|Voice=Act	_	_	_	@vsv1938m-words#@vsv1938m#550.8#551.058
298	ли	ли	PART	_	_	_	_	_	@vsv1938m-words#@vsv1938m#551.058#551.316
299	не	не	PART	_	_	_	_	_	@vsv1938m-words#@vsv1938m#551.316#551.574
300	сидел	сидеть	VERB	_	Aspect=Imp|Gender=Masc|Mood=Ind|Number=Sing|Tense=Past|VerbForm=Fin|Voice=Act	_	_	_	@vsv1938m-words#@vsv1938m#551.574#551.832
301	ли	ли	PART	_	_	_	_	_	@vsv1938m-words#@vsv1938m#551.832#552.09
302	не	не	PART	_	_	_	_	_	@vsv1938m-words#@vsv1938m#552.09#552.348
303	шоферил	шоферить	VERB	_	Aspect=Imp|Gender=Masc|Mood=Ind|Number=Sing|Tense=Past|VerbForm=Fin|Voice=Act	_	_	_	@vsv1938m-words#@vsv1938m#552.348#552.606
304	ли	ли	PART	_	_	_	_	_	@vsv1938m-words#@vsv1938m#552.606#552.864
305	не	не	PART	_	_	_	_	_	@vsv1938m-words#@vsv1938m#552.864#553.122
306	воевал	воевать	VERB	_	Aspect=Imp|Gender=Masc|Mood=Ind|Number=Sing|Tense=Past|VerbForm=Fin|Voice=Act	_	_	_	@vsv1938m-words#@vsv1938m#553.122#553.38
307	ли	ли	PART	_	_	_	_	_	@vsv1938m-words#@vsv1938m#553.38#553.638
308	и	и	CCONJ	_	_	_	_	_	@vsv1938m-words#@vsv1938m#553.638#553.896
309	так	так	ADV	_	Degree=Pos	_	_	_	@vsv1938m-words#@vsv1938m#553.896#554.154
310	далее	далее	ADV	_	Degree=Pos	_	_	_	@vsv1938m-words#@vsv1938m#554.154#554.416
311	э	э	X	_	Animacy=Anim|Case=Dat|Gender=Fem|Number=Sing	_	_	_	@vsv1938m-words#@vsv1938m#555.1#555.352
312	ну	ну	PART	_	_	_	_	_	@vsv1938m-words#@vsv1938m#555.352#555.604
313	во-первых	во-первых	ADV	_	Degree=Pos	_	_	_	@vsv1938m-words#@vsv1938m#555.805#556.342
314	я	я	PRON	_	Case=Nom|Number=Sing|Person=1	_	_	_	@vsv1938m-words#@vsv1938m#556.503#556.812
315	так	так	ADV	_	Degree=Pos	_	_	_	@vsv1938m-words#@vsv1938m#556.812#557.121
316	считаю	считать	VERB	_	Aspect=Imp|Mood=Ind|Number=Sing|Person=1|Tense=Pres|VerbForm=Fin|Voice=Act	_	_	_	@vsv1938m-words#@vsv1938m#557.121#557.43
317	это	этот	PRON	_	Animacy=Inan|Case=Acc|Gender=Neut|Number=Sing	_	_	_	@vsv1938m-words#@vsv1938m#557.43#557.739
318	похвалой	похвала	NOUN	_	Animacy=Inan|Case=Ins|Gender=Fem|Number=Sing	_	_	_	@vsv1938m-words#@vsv1938m#557.739#558.048
319	своего	свой	DET	_	Case=Gen|Gender=Masc|Number=Sing	_	_	_	@vsv1938m-words#@vsv1938m#558.048#558.357
320	рода	род	NOUN	_	Animacy=Inan|Case=Gen|Gender=Masc|Number=Sing	_	_	_	@vsv1938m-words#@vsv1938m#558.357#558.666
321	потому	потому	SCONJ	_	Degree=Pos	_	_	_	@vsv1938m-words#@vsv1938m#558.666#558.975
322	что	что	SCONJ	_	_	_	_	_	@vsv1938m-words#@vsv1938m#558.975#559.288
323	люди	человек	NOUN	_	Animacy=Anim|Case=Nom|Gender=Masc|Number=Plur	_	_	_	@vsv1938m-words#@vsv1938m#559.402#559.683
324	думают	думать	VERB	_	Aspect=Imp|Mood=Ind|Number=Plur|Person=3|Tense=Pres|VerbForm=Fin|Voice=Act	_	_	_	@vsv1938m-words#@vsv1938m#559.683#559.964
325	что	что	SCONJ	_	_	_	_	_	@vsv1938m-words#@vsv1938m#559.964#560.245
326	если	если	SCONJ	_	_	_	_	_	@vsv1938m-words#@vsv1938m#560.245#560.526
327	человек	человек	NOUN	_	Animacy=Anim|Case=Nom|Gender=Masc|Number=Sing	_	_	_	@vsv1938m-words#@vsv1938m#560.526#560.807
328	так	так	ADV	_	Degree=Pos	_	_	_	@vsv1938m-words#@vsv1938m#560.807#561.088
329	пишет	писать	VERB	_	Aspect=Imp|Mood=Ind|Number=Sing|Person=3|Tense=Pres|VerbForm=Fin|Voice=Act	_	_	_	@vsv1938m-words#@vsv1938m#561.088#561.369
330	и	и	CCONJ	_	_	_	_	_	@vsv1938m-words#@vsv1938m#561.369#561.65
331	так	так	ADV	_	Degree=Pos	_	_	_	@vsv1938m-words#@vsv1938m#561.65#561.931
332	знает	знать	VERB	_	Aspect=Imp|Mood=Ind|Number=Sing|Person=3|Tense=Pres|VerbForm=Fin|Voice=Act	_	_	_	@vsv1938m-words#@vsv1938m#561.931#562.212
333	предмет	предмет	NOUN	_	Animacy=Inan|Case=Nom|Gender=Masc|Number=Sing	_	_	_	@vsv1938m-words#@vsv1938m#562.212#562.503
334	хотя	хотя	SCONJ	_	_	_	_	_	@vsv1938m-words#@vsv1938m#563.308#563.737
335	они	они	PRON	_	Case=Nom|Number=Plur|Person=3	_	_	_	@vsv1938m-words#@vsv1938m#563.737#564.166
336	ошибаются	ошибаться	VERB	_	Aspect=Imp|Mood=Ind|Number=Plur|Person=3|Tense=Pres|VerbForm=Fin|Voice=Mid	_	_	_	@vsv1938m-words#@vsv1938m#564.166#564.597
337	я	я	PRON	_	Case=Nom|Number=Sing|Person=1	_	_	_	@vsv1938m-words#@vsv1938m#564.711#565.026
338	во	в	ADP	_	_	_	_	_	@vsv1938m-words#@vsv1938m#565.1#565.433
339	многих	много	NUM	_	_	_	_	_	@vsv1938m-words#@vsv1938m#565.433#565.766
340	случаях	случай	NOUN	_	Animacy=Inan|Case=Loc|Gender=Masc|Number=Plur	_	_	_	@vsv1938m-words#@vsv1938m#565.766#566.1
341	предмета	предмет	NOUN	_	Animacy=Inan|Case=Gen|Gender=Masc|Number=Sing	_	_	_	@vsv1938m-words#@vsv1938m#566.208#566.527
342	не	не	PART	_	_	_	_	_	@vsv1938m-words#@vsv1938m#566.527#566.846
343	знаю	знать	VERB	_	Aspect=Imp|Mood=Ind|Number=Sing|Person=1|Tense=Pres|VerbForm=Fin|Voice=Act	_	_	_	@vsv1938m-words#@vsv1938m#566.846#567.165
344	хотя	хотя	SCONJ	_	_	_	_	_	@vsv1938m-words#@vsv1938m#567.165#567.484
345	в	в	ADP	_	_	_	_	_	@vsv1938m-words#@vsv1938m#567.484#567.803
346	общем	общий	ADJ	_	Case=Loc|Degree=Pos|Gender=Neut|Number=Sing	_	_	_	@vsv1938m-words#@vsv1938m#567.803#568.122
347	человек	человек	NOUN	_	Animacy=Anim|Case=Nom|Gender=Masc|Number=Sing	_	_	_	@vsv1938m-words#@vsv1938m#568.122#568.441
348	любознательный	любознательный	ADJ	_	Case=Nom|Degree=Pos|Gender=Masc|Number=Sing	_	_	_	@vsv1938m-words#@vsv1938m#568.441#568.76
349	и	и	CCONJ	_	_	_	_	_	@vsv1938m-words#@vsv1938m#568.76#569.079
350	любопытный	любопытный	ADJ	_	Case=Nom|Degree=Pos|Gender=Masc|Number=Sing	_	_	_	@vsv1938m-words#@vsv1938m#569.079#569.398
351	и	и	CCONJ	_	_	_	_	_	@vsv1938m-words#@vsv1938m#569.398#569.717
352	очень	очень	ADV	_	Degree=Pos	_	_	_	@vsv1938m-words#@vsv1938m#569.717#570.036
353	пытаюсь	пытаться	VERB	_	Aspect=Imp|Mood=Ind|Number=Sing|Person=1|Tense=Pres|VerbForm=Fin|Voice=Mid	_	_	_	@vsv1938m-words#@vsv1938m#570.036#570.355
354	Как-то	Как-то	PRON	_	Degree=Pos	_	_	_	@vsv1938m-words#@vsv1938m#570.355#570.674
355	до	до	PART	_	_	_	_	_	@vsv1938m-words#@vsv1938m#570.674#570.993
356	докопаться	докопаться	VERB	_	Aspect=Imp|VerbForm=Inf|Voice=Mid	_	_	_	@vsv1938m-words#@vsv1938m#570.993#571.315
357	нет	нет	PRED	_	_	_	_	_	@vsv1938m-words#@vsv1938m#572.013#572.332
358	тут	тут	ADV	_	Degree=Pos	_	_	_	@vsv1938m-words#@vsv1938m#572.332#572.651
359	есть	есть	VERB	_	Aspect=Imp|Mood=Ind|Number=Sing|Person=3|Tense=Pres|VerbForm=Fin|Voice=Act	_	_	_	@vsv1938m-words#@vsv1938m#572.651#572.97
360	самое	самый	DET	_	Case=Nom|Degree=Pos|Gender=Neut|Number=Sing	_	_	_	@vsv1938m-words#@vsv1938m#572.97#573.289
361	главное	главный	ADJ	_	Case=Nom|Degree=Pos|Gender=Neut|Number=Sing	_	_	_	@vsv1938m-words#@vsv1938m#573.289#573.61
362	что	что	SCONJ	_	_	_	_	_	@vsv1938m-words#@vsv1938m#573.718#574.044
363	в	в	ADP	_	_	_	_	_	@vsv1938m-words#@vsv1938m#574.044#574.37
364	этом	это	PRON	_	Animacy=Inan|Case=Loc|Gender=Neut|Number=Sing	_	_	_	@vsv1938m-words#@vsv1938m#574.37#574.696
365	есть	есть	VERB	_	Aspect=Imp|Mood=Ind|Number=Sing|Person=3|Tense=Pres|VerbForm=Fin|Voice=Act	_	_	_	@vsv1938m-words#@vsv1938m#574.696#575.022
366	мое	мой	DET	_	Case=Nom|Gender=Neut|Number=Sing	_	_	_	@vsv1938m-words#@vsv1938m#575.022#575.348
367	собственное	собственный	ADJ	_	Case=Nom|Degree=Pos|Gender=Neut|Number=Sing	_	_	_	@vsv1938m-words#@vsv1938m#575.348#575.674
368	мнение	мнение	NOUN	_	Animacy=Inan|Case=Nom|Gender=Neut|Number=Sing	_	_	_	@vsv1938m-words#@vsv1938m#575.674#576.0
369	и	и	CCONJ	_	_	_	_	_	@vsv1938m-words#@vsv1938m#576.0#576.326
370	суждение	суждение	NOUN	_	Animacy=Inan|Case=Nom|Gender=Neut|Number=Sing	_	_	_	@vsv1938m-words#@vsv1938m#576.326#576.657
371	о	о	ADP	_	_	_	_	_	@vsv1938m-words#@vsv1938m#577.006#577.325
372	тех	тот	DET	_	Case=Loc|Number=Plur	_	_	_	@vsv1938m-words#@vsv1938m#577.325#577.644
373	предметах	предмет	NOUN	_	Animacy=Inan|Case=Loc|Gender=Masc|Number=Plur	_	_	_	@vsv1938m-words#@vsv1938m#577.644#577.963
374	и	и	CCONJ	_	_	_	_	_	@vsv1938m-words#@vsv1938m#577.963#578.282
375	вещах	вещь	NOUN	_	Animacy=Inan|Case=Loc|Gender=Fem|Number=Plur	_	_	_	@vsv1938m-words#@vsv1938m#578.282#578.601
376	и	и	CCONJ	_	_	_	_	_	@vsv1938m-words#@vsv1938m#578.601#578.92
377	людях	человек	NOUN	_	Animacy=Anim|Case=Loc|Gender=Masc|Number=Plur	_	_	_	@vsv1938m-words#@vsv1938m#578.92#579.239
378	и	и	CCONJ	_	_	_	_	_	@vsv1938m-words#@vsv1938m#579.239#579.558
379	проблемах	проблема	NOUN	_	Animacy=Inan|Case=Loc|Gender=Fem|Number=Plur	_	_	_	@vsv1938m-words#@vsv1938m#579.558#579.877
380	о	о	ADP	_	_	_	_	_	@vsv1938m-words#@vsv1938m#579.877#580.196
381	которых	который	PRON	_	Case=Loc	_	_	_	@vsv1938m-words#@vsv1938m#580.196#580.515
382	я	я	PRON	_	Case=Nom|Number=Sing|Person=1	_	_	_	@vsv1938m-words#@vsv1938m#580.515#580.834
383	рассказываю	рассказывать	VERB	_	Aspect=Imp|Mood=Ind|Number=Sing|Person=1|Tense=Pres|VerbForm=Fin|Voice=Act	_	_	_	@vsv1938m-words#@vsv1938m#580.834#581.153
384	вы	вы	PRON	_	Case=Nom|Number=Plur|Person=2	_	_	_	@vsv1938m-words#@vsv1938m#581.153#581.472
385	понимаете	понимать	VERB	_	Aspect=Imp|Mood=Ind|Number=Plur|Person=2|Tense=Pres|VerbForm=Fin|Voice=Act	_	_	_	@vsv1938m-words#@vsv1938m#581.472#581.805
386	поэтому	поэтому	ADV	_	Degree=Pos	_	_	_	@vsv1938m-words#@vsv1938m#582.295#582.645
387	я	я	PRON	_	Case=Nom|Number=Sing|Person=1	_	_	_	@vsv1938m-words#@vsv1938m#582.645#582.995
388	хочу	хотеть	VERB	_	Aspect=Imp|Mood=Ind|Number=Sing|Person=1|Tense=Pres|VerbForm=Fin|Voice=Act	_	_	_	@vsv1938m-words#@vsv1938m#582.995#583.345
389	от	от	ADP	_	_	_	_	_	@vsv1938m-words#@vsv1938m#583.345#583.695
390	себя	себя	PRON	_	Case=Gen	_	_	_	@vsv1938m-words#@vsv1938m#583.695#584.045
391	писать	писать	VERB	_	Aspect=Imp|VerbForm=Inf|Voice=Act	_	_	_	@vsv1938m-words#@vsv1938m#584.045#584.396
392	от	от	ADP	_	_	_	_	_	@vsv1938m-words#@vsv1938m#584.51#584.758
393	я	я	PRON	_	Case=Nom|Number=Sing|Person=1	_	_	_	@vsv1938m-words#@vsv1938m#584.758#585.006
394	это	это	DET	_	Animacy=Inan|Case=Acc|Gender=Neut|Number=Sing	_	_	_	@vsv1938m-words#@vsv1938m#586.0#586.406
395	первое	первый	DET	_	Case=Acc|Degree=Pos|Gender=Neut|Number=Sing	_	_	_	@vsv1938m-words#@vsv1938m#586.406#586.812
396	ну	ну	PART	_	_	_	_	_	@vsv1938m-words#@vsv1938m#587.1#587.349
397	а	а	CCONJ	_	_	_	_	_	@vsv1938m-words#@vsv1938m#587.503#587.889
398	если	если	SCONJ	_	_	_	_	_	@vsv1938m-words#@vsv1938m#587.889#588.275
399	говорить	говорить	VERB	_	Aspect=Imp|VerbForm=Inf|Voice=Act	_	_	_	@vsv1938m-words#@vsv1938m#588.275#588.661
400	о	о	ADP	_	_	_	_	_	@vsv1938m-words#@vsv1938m#588.661#589.047
401	такой	такой	DET	_	Case=Loc|Gender=Fem|Number=Sing	_	_	_	@vsv1938m-words#@vsv1938m#589.047#589.433
402	юмористической	юмористический	ADJ	_	Case=Loc|Degree=Pos|Gender=Fem|Number=Sing	_	_	_	@vsv1938m-words#@vsv1938m#589.433#589.819
403	стороне	сторона	NOUN	_	Animacy=Inan|Case=Loc|Gender=Fem|Number=Sing	_	_	_	@vsv1938m-words#@vsv1938m#589.819#590.205
404	дела	дело	NOUN	_	Animacy=Inan|Case=Gen|Gender=Neut|Number=Sing	_	_	_	@vsv1938m-words#@vsv1938m#590.205#590.597
405	то	то	PART	_	Animacy=Inan|Case=Nom|Gender=Neut|Number=Sing	_	_	_	@vsv1938m-words#@vsv1938m#590.704#591.013
406	может	мочь	VERB	_	Aspect=Imp|Mood=Ind|Number=Sing|Person=3|Tense=Pres|VerbForm=Fin|Voice=Act	_	_	_	@vsv1938m-words#@vsv1938m#591.1#591.433
407	быть	быть	VERB	_	Aspect=Imp|VerbForm=Inf|Voice=Act	_	_	_	@vsv1938m-words#@vsv1938m#591.433#591.766
408	в	в	ADP	_	_	_	_	_	@vsv1938m-words#@vsv1938m#591.766#592.099
409	отличие	отличие	NOUN	_	Animacy=Inan|Case=Acc|Gender=Neut|Number=Sing	_	_	_	@vsv1938m-words#@vsv1938m#592.099#592.432
410	от	от	ADP	_	_	_	_	_	@vsv1938m-words#@vsv1938m#592.432#592.765
411	него	он	PRON	_	Case=Gen|Gender=Masc|Number=Sing|Person=3	_	_	_	@vsv1938m-words#@vsv1938m#592.765#593.1
412	в	в	ADP	_	_	_	_	_	@vsv1938m-words#@vsv1938m#593.51#593.872
413	отличие	отличие	NOUN	_	Animacy=Inan|Case=Acc|Gender=Neut|Number=Sing	_	_	_	@vsv1938m-words#@vsv1938m#593.872#594.234
414	от	от	ADP	_	_	_	_	_	@vsv1938m-words#@vsv1938m#594.234#594.596
415	многих	много	NUM	_	_	_	_	_	@vsv1938m-words#@vsv1938m#594.596#594.958
416	других	другой	DET	_	Case=Gen|Degree=Pos|Number=Plur	_	_	_	@vsv1938m-words#@vsv1938m#594.958#595.32
417	поэтов	поэт	NOUN	_	Animacy=Inan|Case=Gen|Gender=Masc|Number=Plur	_	_	_	@vsv1938m-words#@vsv1938m#595.32#595.682
418	которые	который	PRON	_	Case=Nom	_	_	_	@vsv1938m-words#@vsv1938m#595.682#596.044
419	писа...	писа…	X	_	_	_	_	_	@vsv1938m-words#@vsv1938m#596.044#596.409
420	пытаются	пытаться	VERB	_	Aspect=Imp|Mood=Ind|Number=Plur|Person=3|Tense=Pres|VerbForm=Fin|Voice=Mid	_	_	_	@vsv1938m-words#@vsv1938m#596.805#597.121
421	делать	делать	VERB	_	Aspect=Imp|VerbForm=Inf|Voice=Act	_	_	_	@vsv1938m-words#@vsv1938m#597.121#597.437
422	и	и	CCONJ	_	_	_	_	_	@vsv1938m-words#@vsv1938m#597.437#597.753
423	песни	песня	NOUN	_	Animacy=Inan|Case=Acc|Gender=Fem|Number=Plur	_	_	_	@vsv1938m-words#@vsv1938m#597.753#598.069
424	и	и	CCONJ	_	_	_	_	_	@vsv1938m-words#@vsv1938m#598.069#598.385
425	стихи	стих	NOUN	_	Animacy=Inan|Case=Acc|Gender=Masc|Number=Plur	_	_	_	@vsv1938m-words#@vsv1938m#598.385#598.704
426	все-таки	все-таки	PART	_	_	_	_	_	@vsv1938m-words#@vsv1938m#599.094#599.484
427	я	я	PRON	_	Case=Nom|Number=Sing|Person=1	_	_	_	@vsv1938m-words#@vsv1938m#599.484#599.874
428	актер	актер	NOUN	_	Animacy=Anim|Case=Nom|Gender=Masc|Number=Sing	_	_	_	@vsv1938m-words#@vsv1938m#599.874#600.264
429	понимаете	понимать	VERB	_	Aspect=Imp|Mood=Ind|Number=Plur|Person=2|Tense=Pres|VerbForm=Fin|Voice=Act	_	_	_	@vsv1938m-words#@vsv1938m#600.264#600.657
430	и	и	CCONJ	_	_	_	_	_	@vsv1938m-words#@vsv1938m#600.704#600.991
431	я	я	PRON	_	Case=Nom|Number=Sing|Person=1	_	_	_	@vsv1938m-words#@vsv1938m#600.991#601.278
432	часто	часто	ADV	_	Degree=Pos	_	_	_	@vsv1938m-words#@vsv1938m#601.278#601.565
433	бывал	бывать	VERB	_	Aspect=Imp|Gender=Masc|Mood=Ind|Number=Sing|Tense=Past|VerbForm=Fin|Voice=Act	_	_	_	@vsv1938m-words#@vsv1938m#601.565#601.852
434	в	в	ADP	_	_	_	_	_	@vsv1938m-words#@vsv1938m#601.852#602.139
435	шкуре	шкура	NOUN	_	Animacy=Inan|Case=Loc|Gender=Fem|Number=Sing	_	_	_	@vsv1938m-words#@vsv1938m#602.139#602.426
436	других	другой	DET	_	Case=Gen|Degree=Pos|Number=Plur	_	_	_	@vsv1938m-words#@vsv1938m#602.426#602.713
437	людей	человек	NOUN	_	Animacy=Anim|Case=Gen|Gender=Masc|Number=Plur	_	_	_	@vsv1938m-words#@vsv1938m#602.713#603.006
438	и	и	CCONJ	_	_	_	_	_	@vsv1938m-words#@vsv1938m#603.51#603.876
439	мне	я	PRON	_	Case=Dat|Number=Sing|Person=1	_	_	_	@vsv1938m-words#@vsv1938m#603.876#604.242
440	наверное	наверное	ADV	_	Degree=Pos	_	_	_	@vsv1938m-words#@vsv1938m#604.242#604.608
441	проще	простой	ADJ	_	Degree=Cmp	_	_	_	@vsv1938m-words#@vsv1938m#604.608#604.974
442	говорить	говорить	VERB	_	Aspect=Imp|VerbForm=Inf|Voice=Act	_	_	_	@vsv1938m-words#@vsv1938m#604.974#605.34
443	от	от	ADP	_	_	_	_	_	@vsv1938m-words#@vsv1938m#605.34#605.706
444	имени	имя	NOUN	_	Animacy=Inan|Case=Gen|Gender=Neut|Number=Sing	_	_	_	@vsv1938m-words#@vsv1938m#605.706#606.072
445	других	другой	DET	_	Case=Gen|Degree=Pos|Number=Plur	_	_	_	@vsv1938m-words#@vsv1938m#606.072#606.438
446	людей	человек	NOUN	_	Animacy=Anim|Case=Gen|Gender=Masc|Number=Plur	_	_	_	@vsv1938m-words#@vsv1938m#606.438#606.805
447	и	и	CCONJ	_	_	_	_	_	@vsv1938m-words#@vsv1938m#607.805#608.204
448	наверное	наверное	ADV	_	Degree=Pos	_	_	_	@vsv1938m-words#@vsv1938m#608.204#608.603
449	и	и	CCONJ	_	_	_	_	_	@vsv1938m-words#@vsv1938m#608.603#609.002
450	проще	просто	ADV	_	Degree=Cmp	_	_	_	@vsv1938m-words#@vsv1938m#609.002#609.401
451	их	они	DET	_	_	_	_	_	@vsv1938m-words#@vsv1938m#609.401#609.8
452	проблемы	проблема	NOUN	_	Animacy=Inan|Case=Acc|Gender=Fem|Number=Plur	_	_	_	@vsv1938m-words#@vsv1938m#609.8#610.199
453	на	на	ADP	_	_	_	_	_	@vsv1938m-words#@vsv1938m#610.199#610.598
454	себя	себя	PRON	_	Case=Acc	_	_	_	@vsv1938m-words#@vsv1938m#610.598#610.997
455	надевать	надевать	VERB	_	Aspect=Imp|VerbForm=Inf|Voice=Act	_	_	_	@vsv1938m-words#@vsv1938m#610.997#611.396
456	как	как	SCONJ	_	_	_	_	_	@vsv1938m-words#@vsv1938m#611.396#611.795
457	кожу	кожа	NOUN	_	Animacy=Inan|Case=Acc|Gender=Fem|Number=Sing	_	_	_	@vsv1938m-words#@vsv1938m#611.795#612.194
458	понимаете	понимать	VERB	_	Aspect=Imp|Mood=Ind|Number=Plur|Person=2|Tense=Pres|VerbForm=Fin|Voice=Act	_	_	_	@vsv1938m-words#@vsv1938m#612.194#612.597
459	вот	вот	PART	_	_	_	_	_	@vsv1938m-words#@vsv1938m#613.006#613.328
460	из-за	из-за	ADP	_	_	_	_	_	@vsv1938m-words#@vsv1938m#613.328#613.65
461	этого	этот	PRON	_	Animacy=Inan|Case=Gen|Gender=Neut|Number=Sing	_	_	_	@vsv1938m-words#@vsv1938m#613.65#613.972
462	люди	человек	NOUN	_	Animacy=Anim|Case=Nom|Gender=Masc|Number=Plur	_	_	_	@vsv1938m-words#@vsv1938m#613.972#614.294
463	обманываются	обманывать	VERB	_	Aspect=Imp|Mood=Ind|Number=Plur|Person=3|Tense=Pres|VerbForm=Fin|Voice=Pass	_	_	_	@vsv1938m-words#@vsv1938m#614.294#614.616
464	и	и	CCONJ	_	_	_	_	_	@vsv1938m-words#@vsv1938m#614.616#614.938
465	думают	думают	VERB	_	Animacy=Anim|Case=Ins|Gender=Fem|Number=Sing	_	_	_	@vsv1938m-words#@vsv1938m#614.938#615.26
466	тогда	тогда	ADV	_	Degree=Pos	_	_	_	@vsv1938m-words#@vsv1938m#615.26#615.582
467	я	я	PRON	_	Case=Nom|Number=Sing|Person=1	_	_	_	@vsv1938m-words#@vsv1938m#615.582#615.904
468	получил	получить	VERB	_	Aspect=Perf|Gender=Masc|Mood=Ind|Number=Sing|Tense=Past|VerbForm=Fin|Voice=Act	_	_	_	@vsv1938m-words#@vsv1938m#615.904#616.226
469	письмо	письмо	NOUN	_	Animacy=Inan|Case=Acc|Gender=Neut|Number=Sing	_	_	_	@vsv1938m-words#@vsv1938m#616.226#616.548
470	не	не	PART	_	_	_	_	_	@vsv1938m-words#@vsv1938m#616.548#616.87
471	с	с	ADP	_	_	_	_	_	@vsv1938m-words#@vsv1938m#616.87#617.192
472	вами	вы	PRON	_	Case=Ins|Number=Plur|Person=2	_	_	_	@vsv1938m-words#@vsv1938m#617.192#617.514
473	ли	ли	PART	_	_	_	_	_	@vsv1938m-words#@vsv1938m#617.514#617.836
474	мы	мы	PRON	_	Case=Nom|Number=Plur|Person=1	_	_	_	@vsv1938m-words#@vsv1938m#617.836#618.158
475	выходили	выходить	VERB	_	Aspect=Imp|Mood=Ind|Number=Plur|Tense=Past|VerbForm=Fin|Voice=Act	_	_	_	@vsv1938m-words#@vsv1938m#618.158#618.48
476	под	под	ADP	_	_	_	_	_	@vsv1938m-words#@vsv1938m#618.48#618.802
477	Оршей	Орша	PROPN	_	Animacy=Anim|Case=Ins|Gender=Fem|Number=Sing	_	_	_	@vsv1938m-words#@vsv1938m#618.802#619.124
478	из	из	ADP	_	_	_	_	_	@vsv1938m-words#@vsv1938m#619.124#619.446
479	окружения	окружение	NOUN	_	Animacy=Inan|Case=Gen|Gender=Neut|Number=Sing	_	_	_	@vsv1938m-words#@vsv1938m#619.446#619.768
480	например	например	ADV	_	Degree=Pos	_	_	_	@vsv1938m-words#@vsv1938m#619.768#620.107
481	или	или	CCONJ	_	_	_	_	_	@vsv1938m-words#@vsv1938m#620.61#620.897
482	предположим	предположить	VERB	_	Aspect=Perf|Mood=Ind|Number=Plur|Person=1|Tense=Fut|VerbForm=Fin|Voice=Act	_	_	_	@vsv1938m-words#@vsv1938m#620.897#621.184
483	я	я	PRON	_	Case=Nom|Number=Sing|Person=1	_	_	_	@vsv1938m-words#@vsv1938m#621.184#621.471
484	помню	помнить	VERB	_	Aspect=Imp|Mood=Ind|Number=Sing|Person=1|Tense=Pres|VerbForm=Fin|Voice=Act	_	_	_	@vsv1938m-words#@vsv1938m#621.471#621.758
485	как	как	SCONJ	_	_	_	_	_	@vsv1938m-words#@vsv1938m#621.758#622.045
486	по	по	ADP	_	_	_	_	_	@vsv1938m-words#@vsv1938m#622.045#622.332
487	Чуйскому тракту	Чуйский тракт	PROPN	_	Animacy=Inan|Case=Dat|Gender=Masc|Number=Sing	_	_	_	@vsv1938m-words#@vsv1938m#622.332#622.619
488	мы	мы	PRON	_	Case=Nom|Number=Plur|Person=1	_	_	_	@vsv1938m-words#@vsv1938m#622.906#623.193
489	с	с	ADP	_	_	_	_	_	@vsv1938m-words#@vsv1938m#623.193#623.48
490	вами	вами	PRON	_	Case=Ins|Number=Plur|Person=2	_	_	_	@vsv1938m-words#@vsv1938m#623.48#623.767
491	с	с	ADP	_	_	_	_	_	@vsv1938m-words#@vsv1938m#623.767#624.054
492	вами	вы	PRON	_	Case=Ins|Number=Plur|Person=2	_	_	_	@vsv1938m-words#@vsv1938m#624.054#624.341
493	гоняли	гоняти	VERB	_	Aspect=Imp|Mood=Ind|Number=Plur|Tense=Past|VerbForm=Fin|Voice=Act	_	_	_	@vsv1938m-words#@vsv1938m#624.341#624.628
494	МАЗы	МАЗ	PROPN	_	Animacy=Inan|Case=Acc|Gender=Masc|Number=Plur	_	_	_	@vsv1938m-words#@vsv1938m#624.628#624.926
495	после	после	ADP	_	_	_	_	_	@vsv1938m-words#@vsv1938m#625.107#625.409
496	машин	машина	NOUN	_	Animacy=Inan|Case=Gen|Gender=Fem|Number=Plur	_	_	_	@vsv1938m-words#@vsv1938m#625.409#625.711
497	хотя	хотя	SCONJ	_	_	_	_	_	@vsv1938m-words#@vsv1938m#625.912#626.189
498	не	не	PART	_	_	_	_	_	@vsv1938m-words#@vsv1938m#626.189#626.466
499	было	быть	VERB	_	Aspect=Imp|Gender=Neut|Mood=Ind|Number=Sing|Tense=Past|VerbForm=Fin|Voice=Act	_	_	_	@vsv1938m-words#@vsv1938m#626.466#626.743
500	ничего	ничего	PRON	_	Case=Gen	_	_	_	@vsv1938m-words#@vsv1938m#626.743#627.02
501	ну	ну	PART	_	_	_	_	_	@vsv1938m-words#@vsv1938m#627.912#628.164
502	вот	вот	PART	_	_	_	_	_	@vsv1938m-words#@vsv1938m#628.164#628.416
503	и	и	PART	_	_	_	_	_	@vsv1938m-words#@vsv1938m#628.51#628.776
504	ведь	ведь	CCONJ	_	_	_	_	_	@vsv1938m-words#@vsv1938m#628.776#629.042
505	не	не	PART	_	_	_	_	_	@vsv1938m-words#@vsv1938m#629.042#629.308
506	то	то	PRON	_	Animacy=Inan|Case=Nom|Gender=Neut|Number=Sing	_	_	_	@vsv1938m-words#@vsv1938m#629.308#629.574
507	что	что	SCONJ	_	Case=Nom	_	_	_	@vsv1938m-words#@vsv1938m#629.574#629.84
508	хочется	хотеться	VERB	_	Aspect=Imp|Mood=Ind|Number=Sing|Person=3|Tense=Pres|VerbForm=Fin|Voice=Mid	_	_	_	@vsv1938m-words#@vsv1938m#629.84#630.106
509	так	так	ADV	_	Degree=Pos	_	_	_	@vsv1938m-words#@vsv1938m#630.106#630.372
510	думать	думать	VERB	_	Aspect=Imp|VerbForm=Inf|Voice=Act	_	_	_	@vsv1938m-words#@vsv1938m#630.372#630.638
511	а	а	CCONJ	_	_	_	_	_	@vsv1938m-words#@vsv1938m#630.638#630.904
512	возможно	возможно	ADV	_	Degree=Pos	_	_	_	@vsv1938m-words#@vsv1938m#630.904#631.17
513	и	и	PART	_	_	_	_	_	@vsv1938m-words#@vsv1938m#631.17#631.436
514	так	так	ADV	_	Degree=Pos	_	_	_	@vsv1938m-words#@vsv1938m#631.436#631.711
515	но	но	CCONJ	_	_	_	_	_	@vsv1938m-words#@vsv1938m#632.1#632.41
516	они	они	PRON	_	Case=Nom|Number=Plur|Person=3	_	_	_	@vsv1938m-words#@vsv1938m#632.41#632.72
517	верили	верить	VERB	_	Aspect=Imp|Mood=Ind|Number=Plur|Tense=Past|VerbForm=Fin|Voice=Act	_	_	_	@vsv1938m-words#@vsv1938m#632.72#633.03
518	что	что	SCONJ	_	_	_	_	_	@vsv1938m-words#@vsv1938m#633.03#633.34
519	это	это	PRON	_	Animacy=Inan|Case=Nom|Gender=Neut|Number=Sing	_	_	_	@vsv1938m-words#@vsv1938m#633.34#633.65
520	было	быть	VERB	_	Aspect=Imp|Gender=Neut|Mood=Ind|Number=Sing|Tense=Past|VerbForm=Fin|Voice=Act	_	_	_	@vsv1938m-words#@vsv1938m#633.65#633.96
521	что	что	SCONJ	_	_	_	_	_	@vsv1938m-words#@vsv1938m#633.96#634.27
522	это	это	PRON	_	Animacy=Inan|Case=Nom|Gender=Neut|Number=Sing	_	_	_	@vsv1938m-words#@vsv1938m#634.27#634.58
523	действительно	действительно	ADV	_	Degree=Pos	_	_	_	@vsv1938m-words#@vsv1938m#634.58#634.89
524	так	так	ADV	_	Degree=Pos	_	_	_	@vsv1938m-words#@vsv1938m#634.89#635.201
525	и	и	PART	_	_	_	_	_	@vsv1938m-words#@vsv1938m#636.013#636.221
526	это	это	PRON	_	Animacy=Inan|Case=Nom|Gender=Neut|Number=Sing	_	_	_	@vsv1938m-words#@vsv1938m#636.396#636.683
527	не	не	PART	_	_	_	_	_	@vsv1938m-words#@vsv1938m#636.683#636.97
528	оттого	оттого	ADV	_	Degree=Pos	_	_	_	@vsv1938m-words#@vsv1938m#636.97#637.257
529	что	что	SCONJ	_	_	_	_	_	@vsv1938m-words#@vsv1938m#637.257#637.544
530	вот	вот	PART	_	_	_	_	_	@vsv1938m-words#@vsv1938m#637.544#637.831
531	я	я	PRON	_	Case=Nom|Number=Sing|Person=1	_	_	_	@vsv1938m-words#@vsv1938m#637.831#638.118
532	там	там	ADV	_	Degree=Pos	_	_	_	@vsv1938m-words#@vsv1938m#638.118#638.405
533	пишу	писать	VERB	_	Aspect=Imp|Mood=Ind|Number=Sing|Person=1|Tense=Pres|VerbForm=Fin|Voice=Act	_	_	_	@vsv1938m-words#@vsv1938m#638.405#638.692
534	чистую	чистый	ADJ	_	Case=Acc|Degree=Pos|Gender=Fem|Number=Sing	_	_	_	@vsv1938m-words#@vsv1938m#638.692#638.979
535	правду	правда	NOUN	_	Animacy=Inan|Case=Acc|Gender=Fem|Number=Sing	_	_	_	@vsv1938m-words#@vsv1938m#638.979#639.266
536	я	я	PRON	_	Case=Nom|Number=Sing|Person=1	_	_	_	@vsv1938m-words#@vsv1938m#639.266#639.553
537	почти	почти	ADV	_	Degree=Pos	_	_	_	@vsv1938m-words#@vsv1938m#639.553#639.84
538	все	все	PRON	_	Animacy=Inan|Case=Acc|Gender=Neut|Number=Sing	_	_	_	@vsv1938m-words#@vsv1938m#639.84#640.127
539	придумываю	придумывать	VERB	_	Aspect=Imp|Mood=Ind|Number=Sing|Person=1|Tense=Pres|VerbForm=Fin|Voice=Act	_	_	_	@vsv1938m-words#@vsv1938m#640.127#640.414
540	иначе	иначе	ADV	_	Degree=Pos	_	_	_	@vsv1938m-words#@vsv1938m#640.414#640.701
541	это	это	PRON	_	Animacy=Inan|Case=Nom|Gender=Neut|Number=Sing	_	_	_	@vsv1938m-words#@vsv1938m#640.701#640.988
542	не	не	PART	_	_	_	_	_	@vsv1938m-words#@vsv1938m#640.988#641.275
543	было	быть	VERB	_	Aspect=Imp|Gender=Neut|Mood=Ind|Number=Sing|Tense=Past|VerbForm=Fin|Voice=Act	_	_	_	@vsv1938m-words#@vsv1938m#641.275#641.562
544	бы	бы	PART	_	_	_	_	_	@vsv1938m-words#@vsv1938m#641.562#641.849
545	искусством	искусство	NOUN	_	Animacy=Inan|Case=Ins|Gender=Neut|Number=Sing	_	_	_	@vsv1938m-words#@vsv1938m#641.849#642.136
546	понимаете	понимать	VERB	_	Aspect=Imp|Mood=Ind|Number=Plur|Person=2|Tense=Pres|VerbForm=Fin|Voice=Act	_	_	_	@vsv1938m-words#@vsv1938m#642.136#642.423
547	взять	брать	VERB	_	Aspect=Perf|VerbForm=Inf|Voice=Act	_	_	_	@vsv1938m-words#@vsv1938m#642.423#642.71
548	да	да	CCONJ	_	_	_	_	_	@vsv1938m-words#@vsv1938m#642.71#642.997
549	и	и	PART	_	_	_	_	_	@vsv1938m-words#@vsv1938m#642.997#643.284
550	за…	за…	Х	_	_	_	_	_	@vsv1938m-words#@vsv1938m#643.284#643.571
551	зарифмовать	зарифмовать	VERB	_	Aspect=Perf|VerbForm=Inf|Voice=Act	_	_	_	@vsv1938m-words#@vsv1938m#643.571#643.858
552	какой-нибудь	какой-нибудь	DET	_	Case=Acc|Gender=Masc|Number=Sing	_	_	_	@vsv1938m-words#@vsv1938m#643.858#644.145
553	эпизод	эпизод	NOUN	_	Animacy=Inan|Case=Acc|Gender=Masc|Number=Sing	_	_	_	@vsv1938m-words#@vsv1938m#644.145#644.432
554	это	это	DET	_	Animacy=Inan|Case=Nom|Gender=Neut|Number=Sing	_	_	_	@vsv1938m-words#@vsv1938m#644.432#644.719
555	ничего	ничто	PRON	_	Case=Gen	_	_	_	@vsv1938m-words#@vsv1938m#644.719#645.006
556	не	не	PART	_	_	_	_	_	@vsv1938m-words#@vsv1938m#645.006#645.293
557	стоит	стоить	VERB	_	Aspect=Imp|Mood=Ind|Number=Sing|Person=3|Tense=Pres|VerbForm=Fin|Voice=Act	_	_	_	@vsv1938m-words#@vsv1938m#645.293#645.59
558	в	в	ADP	_	_	_	_	_	@vsv1938m-words#@vsv1938m#645.818#646.191
559	общем	общий	ADJ	_	Case=Loc|Degree=Pos|Gender=Masc|Number=Sing	_	_	_	@vsv1938m-words#@vsv1938m#646.191#646.564
560	принципе	принцип	NOUN	_	Animacy=Inan|Case=Loc|Gender=Masc|Number=Sing	_	_	_	@vsv1938m-words#@vsv1938m#646.564#646.939
561	рифмовка	рифмовка	NOUN	_	Animacy=Inan|Case=Nom|Gender=Fem|Number=Sing	_	_	_	@vsv1938m-words#@vsv1938m#647.402#647.758
562	это	это	DET	_	Animacy=Inan|Case=Nom|Gender=Neut|Number=Sing	_	_	_	@vsv1938m-words#@vsv1938m#647.758#648.114
563	где-то	где-то	ADV	_	Degree=Pos	_	_	_	@vsv1938m-words#@vsv1938m#648.114#648.47
564	на	на	ADP	_	_	_	_	_	@vsv1938m-words#@vsv1938m#648.47#648.826
565	четвертом	четвертый	DET	_	Case=Loc|Degree=Pos|Gender=Neut|Number=Sing	_	_	_	@vsv1938m-words#@vsv1938m#648.826#649.182
566	там	там	ADV	_	Degree=Pos	_	_	_	@vsv1938m-words#@vsv1938m#649.182#649.538
567	месте	место	NOUN	_	Animacy=Inan|Case=Loc|Gender=Neut|Number=Sing	_	_	_	@vsv1938m-words#@vsv1938m#649.538#649.899
568	прежде	прежде	ADP	_	_	_	_	_	@vsv1938m-words#@vsv1938m#650.409#650.744
569	всего	все	PRON	_	Animacy=Inan|Case=Gen|Gender=Neut|Number=Sing	_	_	_	@vsv1938m-words#@vsv1938m#650.744#651.079
570	это	это	DET	_	Case=Acc|Gender=Neut|Number=Sing	_	_	_	@vsv1938m-words#@vsv1938m#651.079#651.416
571	необычайное	необычайный	ADJ	_	Case=Acc|Degree=Pos|Gender=Neut|Number=Sing	_	_	_	@vsv1938m-words#@vsv1938m#651.805#652.254
572	желание	желание	NOUN	_	Animacy=Inan|Case=Acc|Gender=Neut|Number=Sing	_	_	_	@vsv1938m-words#@vsv1938m#652.254#652.703
573	это	это	PRON	_	Animacy=Inan|Case=Acc|Gender=Neut|Number=Sing	_	_	_	@vsv1938m-words#@vsv1938m#652.703#653.152
574	делать	делать	VERB	_	Aspect=Imp|VerbForm=Inf|Voice=Act	_	_	_	@vsv1938m-words#@vsv1938m#653.152#653.604
575	потом	потом	ADV	_	Degree=Pos	_	_	_	@vsv1938m-words#@vsv1938m#653.711#654.12
576	заставить	заставить	VERB	_	Aspect=Perf|VerbForm=Inf|Voice=Act	_	_	_	@vsv1938m-words#@vsv1938m#654.711#655.112
577	себя	себя	PRON	_	Case=Acc	_	_	_	@vsv1938m-words#@vsv1938m#655.112#655.513
578	сесть	сесть	VERB	_	Aspect=Perf|VerbForm=Inf|Voice=Mid	_	_	_	@vsv1938m-words#@vsv1938m#655.513#655.914
579	за	за	ADP	_	_	_	_	_	@vsv1938m-words#@vsv1938m#655.914#656.315
580	стол	стол	NOUN	_	Animacy=Inan|Case=Acc|Gender=Masc|Number=Sing	_	_	_	@vsv1938m-words#@vsv1938m#656.315#656.718
581	потом	потом	ADV	_	Degree=Pos	_	_	_	@vsv1938m-words#@vsv1938m#657.302#657.676
582	подманить	подманить	VERB	_	Aspect=Perf|VerbForm=Inf|Voice=Act	_	_	_	@vsv1938m-words#@vsv1938m#657.676#658.05
583	вдохновение	вдохновение	NOUN	_	Animacy=Inan|Case=Acc|Gender=Neut|Number=Sing	_	_	_	@vsv1938m-words#@vsv1938m#658.05#658.424
584	почуять	чуять	VERB	_	Aspect=Perf|VerbForm=Inf|Voice=Act	_	_	_	@vsv1938m-words#@vsv1938m#658.424#658.798
585	его	он	PRON	_	Case=Acc|Gender=Masc|Number=Sing|Person=3	_	_	_	@vsv1938m-words#@vsv1938m#658.798#659.172
586	а	а	CCONJ	_	_	_	_	_	@vsv1938m-words#@vsv1938m#659.172#659.546
587	потом	потом	ADV	_	Degree=Pos	_	_	_	@vsv1938m-words#@vsv1938m#659.546#659.92
588	уже	уже	ADV	_	Degree=Pos	_	_	_	@vsv1938m-words#@vsv1938m#659.92#660.294
589	рифмовать	рифмовывать	VERB	_	Aspect=Imp|VerbForm=Inf|Voice=Act	_	_	_	@vsv1938m-words#@vsv1938m#660.294#660.668
590	это	это	PRON	_	Animacy=Inan|Case=Acc|Gender=Neut|Number=Sing	_	_	_	@vsv1938m-words#@vsv1938m#660.668#661.042
591	так	так	ADV	_	Degree=Pos	_	_	_	@vsv1938m-words#@vsv1938m#661.042#661.416
592	сказать	сказать	VERB	_	Aspect=Perf|VerbForm=Inf|Voice=Act	_	_	_	@vsv1938m-words#@vsv1938m#661.416#661.798
593	и	и	PART	_	_	_	_	_	@vsv1938m-words#@vsv1938m#662.396#662.765
594	самое	самый	ADJ	_	Case=Nom|Degree=Pos|Gender=Neut|Number=Sing	_	_	_	@vsv1938m-words#@vsv1938m#662.765#663.134
595	главное	главный	ADJ	_	Animacy=Inan|Case=Nom|Gender=Neut|Number=Sing	_	_	_	@vsv1938m-words#@vsv1938m#663.134#663.503
596	ну	ну	PART	_	_	_	_	_	@vsv1938m-words#@vsv1938m#663.906#664.212
597	это	это	DET	_	Animacy=Inan|Case=Nom|Gender=Neut|Number=Sing	_	_	_	@vsv1938m-words#@vsv1938m#664.212#664.518
598	просто	просто	ADV	_	Degree=Pos	_	_	_	@vsv1938m-words#@vsv1938m#664.518#664.825
599	#цокает#	_	Х	_	_	_	_	_	@vsv1938m-words#@vsv1938m#667.51#667.765
600	просто	просто	PART	_	_	_	_	_	@vsv1938m-words#@vsv1938m#668.805#669.597
601	это	это	DET	_	Animacy=Inan|Case=Nom|Gender=Neut|Number=Sing	_	_	_	@vsv1938m-words#@vsv1938m#669.711#670.228
602	это	это	DET	_	Animacy=Inan|Case=Acc|Gender=Neut|Number=Sing	_	_	_	@vsv1938m-words#@vsv1938m#672.396#672.791
603	я	я	PRON	_	Case=Nom|Number=Sing|Person=1	_	_	_	@vsv1938m-words#@vsv1938m#672.906#673.211
604	думаю	думать	VERB	_	Aspect=Imp|Mood=Ind|Number=Sing|Person=1|Tense=Pres|VerbForm=Fin|Voice=Act	_	_	_	@vsv1938m-words#@vsv1938m#673.211#673.516
605	настолько	настолько	ADV	_	Degree=Pos	_	_	_	@vsv1938m-words#@vsv1938m#675.899#676.374
606	придумано	придумать	VERB	_	Aspect=Perf|Gender=Neut|Number=Sing|Tense=Past|Variant=Short|VerbForm=Part|Voice=Pass	_	_	_	@vsv1938m-words#@vsv1938m#676.374#676.849
607	что	что	SCONJ	_	Case=Nom	_	_	_	@vsv1938m-words#@vsv1938m#676.849#677.324
608	становится	становиться	VERB	_	Aspect=Imp|Mood=Ind|Number=Sing|Person=3|Tense=Pres|VerbForm=Fin|Voice=Mid	_	_	_	@vsv1938m-words#@vsv1938m#677.324#677.799
609	правдой	правда	NOUN	_	Animacy=Inan|Case=Ins|Gender=Fem|Number=Sing	_	_	_	@vsv1938m-words#@vsv1938m#677.799#678.274
610	для	для	ADP	_	_	_	_	_	@vsv1938m-words#@vsv1938m#678.274#678.749
611	этих	этот	PRON	_	Case=Gen|Number=Plur	_	_	_	@vsv1938m-words#@vsv1938m#678.749#679.224
612	людей	человек	NOUN	_	Animacy=Anim|Case=Gen|Gender=Masc|Number=Plur	_	_	_	@vsv1938m-words#@vsv1938m#679.224#679.704
613	вы	вы	PRON	_	Case=Nom|Number=Plur|Person=2	_	_	_	@vsv1938m-words#@vsv1938m#682.295#682.695
614	знаете	знать	VERB	_	Aspect=Imp|Mood=Ind|Number=Plur|Person=2|Tense=Pres|VerbForm=Fin|Voice=Act	_	_	_	@vsv1938m-words#@vsv1938m#682.695#683.095
615	только	только	PART	_	_	_	_	_	@vsv1938m-words#@vsv1938m#683.095#683.495
616	под	под	ADP	_	_	_	_	_	@vsv1938m-words#@vsv1938m#683.495#683.895
617	впечатлением	впечатление	NOUN	_	Animacy=Inan|Case=Ins|Gender=Neut|Number=Sing	_	_	_	@vsv1938m-words#@vsv1938m#683.895#684.295
618	под	под	ADP	_	_	_	_	_	@vsv1938m-words#@vsv1938m#685.094#685.637
619	впечатлением	впечатление	NOUN	_	Animacy=Inan|Case=Ins|Gender=Neut|Number=Sing	_	_	_	@vsv1938m-words#@vsv1938m#685.637#686.181
620	и	и	CCONJ	_	_	_	_	_	@vsv1938m-words#@vsv1938m#687.201#687.601
621	единственные	единственный	ADJ	_	Animacy=Inan|Case=Acc|Degree=Pos|Number=Plur	_	_	_	@vsv1938m-words#@vsv1938m#687.601#688.001
622	песни	песня	NOUN	_	Animacy=Inan|Case=Acc|Gender=Fem|Number=Plur	_	_	_	@vsv1938m-words#@vsv1938m#688.001#688.401
623	о	о	ADP	_	_	_	_	_	@vsv1938m-words#@vsv1938m#688.401#688.801
624	конкретном	конкретный	ADJ	_	Case=Loc|Degree=Pos|Gender=Masc|Number=Sing	_	_	_	@vsv1938m-words#@vsv1938m#688.801#689.201
625	случае	случай	NOUN	_	Animacy=Inan|Case=Loc|Gender=Masc|Number=Sing	_	_	_	@vsv1938m-words#@vsv1938m#689.201#689.601
626	который	который	PRON	_	Case=Acc	_	_	_	@vsv1938m-words#@vsv1938m#689.601#690.001
627	меня	я	PRON	_	Case=Acc|Number=Sing|Person=1	_	_	_	@vsv1938m-words#@vsv1938m#690.001#690.401
628	поразил	поразить	VERB	_	Aspect=Perf|Gender=Masc|Mood=Ind|Number=Sing|Tense=Past|VerbForm=Fin|Voice=Act	_	_	_	@vsv1938m-words#@vsv1938m#690.401#690.805
629	и	и	CCONJ	_	_	_	_	_	@vsv1938m-words#@vsv1938m#690.906#691.156
630	то	то	SCONJ	_	_	_	_	_	@vsv1938m-words#@vsv1938m#691.156#691.406
631	он	он	PRON	_	Case=Nom|Gender=Masc|Number=Sing|Person=3	_	_	_	@vsv1938m-words#@vsv1938m#691.406#691.656
632	придуман	придумывать	VERB	_	Aspect=Perf|Gender=Masc|Number=Sing|Tense=Past|Variant=Short|VerbForm=Part|Voice=Pass	_	_	_	@vsv1938m-words#@vsv1938m#691.656#691.906
633	вот	вот	PART	_	_	_	_	_	@vsv1938m-words#@vsv1938m#693.503#693.805
634	ну	ну	PART	_	_	_	_	_	@vsv1938m-words#@vsv1938m#693.906#694.107
635	альпинистская	альпинистский	ADJ	_	Case=Nom|Degree=Pos|Gender=Fem|Number=Sing	_	_	_	@vsv1938m-words#@vsv1938m#694.805#695.229
636	серия	серия	NOUN	_	Animacy=Inan|Case=Nom|Gender=Fem|Number=Sing	_	_	_	@vsv1938m-words#@vsv1938m#695.229#695.653
637	это	это	DET	_	Animacy=Inan|Case=Nom|Gender=Neut|Number=Sing	_	_	_	@vsv1938m-words#@vsv1938m#695.653#696.077
638	правда	правда	NOUN	_	Animacy=Inan|Case=Nom|Gender=Fem|Number=Sing	_	_	_	@vsv1938m-words#@vsv1938m#696.077#696.503
639	но	но	CCONJ	_	Animacy=Anim|Case=Gen|Gender=Fem|Number=Sing	_	_	_	@vsv1938m-words#@vsv1938m#696.61#696.812
640	#хмыкает#	_	Х	_	_	_	_	_	@vsv1938m-words#@vsv1938m#697.02#697.328
641	и	и	CCONJ	_	_	_	_	_	@vsv1938m-words#@vsv1938m#697.912#698.241
642	и	и	CCONJ	_	_	_	_	_	@vsv1938m-words#@vsv1938m#698.241#698.57
643	их	они	PRON	_	Case=Gen|Number=Plur|Person=3	_	_	_	@vsv1938m-words#@vsv1938m#698.57#698.899
644	нельзя	нельзя	PRED	_	Degree=Pos	_	_	_	@vsv1938m-words#@vsv1938m#698.899#699.228
645	назвать	назвать	VERB	_	Aspect=Perf|VerbForm=Inf|Voice=Act	_	_	_	@vsv1938m-words#@vsv1938m#699.228#699.557
646	эти	этот	PRON	_	Case=Acc|Number=Plur	_	_	_	@vsv1938m-words#@vsv1938m#699.557#699.886
647	песни	песни	NOUN	_	Animacy=Anim|Case=Acc|Gender=Masc|Number=Sing	_	_	_	@vsv1938m-words#@vsv1938m#699.886#700.221
648	я	я	PRON	_	Case=Nom|Number=Sing|Person=1	_	_	_	@vsv1938m-words#@vsv1938m#702.396#702.647
649	их	они	PRON	_	Case=Acc|Number=Plur|Person=3	_	_	_	@vsv1938m-words#@vsv1938m#702.647#702.898
650	очень	очень	ADV	_	Degree=Pos	_	_	_	@vsv1938m-words#@vsv1938m#702.898#703.149
651	ценю	ценить	NOUN	_	Animacy=Anim|Case=Dat|Gender=Masc|Number=Sing	_	_	_	@vsv1938m-words#@vsv1938m#703.149#703.402
652	вы	вы	PRON	_	Case=Nom|Number=Plur|Person=2	_	_	_	@vsv1938m-words#@vsv1938m#703.704#704.001
653	знаете	знать	VERB	_	Aspect=Imp|Mood=Ind|Number=Plur|Person=2|Tense=Pres|VerbForm=Fin|Voice=Act	_	_	_	@vsv1938m-words#@vsv1938m#704.001#704.298
654	вообще	вообще	ADV	_	Degree=Pos	_	_	_	@vsv1938m-words#@vsv1938m#704.298#704.597
655	я	я	PRON	_	Case=Nom|Number=Sing|Person=1	_	_	_	@vsv1938m-words#@vsv1938m#704.805#705.104
656	к	к	ADP	_	_	_	_	_	@vsv1938m-words#@vsv1938m#705.104#705.403
657	своим	свой	DET	_	Case=Dat|Number=Plur	_	_	_	@vsv1938m-words#@vsv1938m#705.403#705.702
658	песням	песня	NOUN	_	Animacy=Inan|Case=Dat|Gender=Fem|Number=Plur	_	_	_	@vsv1938m-words#@vsv1938m#705.702#706.001
659	первым	первый	DET	_	Case=Gen|Degree=Pos|Gender=Neut|Number=Sing	_	_	_	@vsv1938m-words#@vsv1938m#706.001#706.302
660	дворовым	дворовый	ADJ	_	Case=Dat|Degree=Pos|Number=Plur	_	_	_	@vsv1938m-words#@vsv1938m#706.402#706.905
661	песням	песня	NOUN	_	Animacy=Inan|Case=Dat|Gender=Fem|Number=Plur	_	_	_	@vsv1938m-words#@vsv1938m#706.905#707.409
662	или	или	CCONJ	_	_	_	_	_	@vsv1938m-words#@vsv1938m#707.496#707.894
663	их	они	PRON	_	Case=Acc|Number=Plur|Person=3	_	_	_	@vsv1938m-words#@vsv1938m#707.894#708.292
664	еще	еще	ADV	_	Degree=Pos	_	_	_	@vsv1938m-words#@vsv1938m#708.292#708.69
665	называют	называть	VERB	_	Aspect=Imp|Mood=Ind|Number=Plur|Person=3|Tense=Pres|VerbForm=Fin|Voice=Act	_	_	_	@vsv1938m-words#@vsv1938m#708.69#709.088
666	блатными	блатный	ADJ	_	Case=Ins|Degree=Pos|Number=Plur	_	_	_	@vsv1938m-words#@vsv1938m#709.088#709.489
667	городскими	городской	ADJ	_	Case=Ins|Degree=Pos|Number=Plur	_	_	_	@vsv1938m-words#@vsv1938m#709.698#710.503
668	как	как	ADV	_	Degree=Pos	_	_	_	@vsv1938m-words#@vsv1938m#710.704#711.056
669	угодно	угодно	ADV	_	Degree=Pos	_	_	_	@vsv1938m-words#@vsv1938m#711.056#711.409
670	я	я	PRON	_	Case=Nom|Number=Sing|Person=1	_	_	_	@vsv1938m-words#@vsv1938m#711.912#712.268
671	отношусь	относиться	VERB	_	Aspect=Imp|Mood=Ind|Number=Sing|Person=1|Tense=Pres|VerbForm=Fin|Voice=Mid	_	_	_	@vsv1938m-words#@vsv1938m#712.268#712.624
672	с	с	ADP	_	Animacy=Anim|Case=Ins|Gender=Fem|Number=Sing	_	_	_	@vsv1938m-words#@vsv1938m#712.624#712.98
673	с	с	ADP	_	_	_	_	_	@vsv1938m-words#@vsv1938m#712.98#713.336
674	симпатией	симпатия	NOUN	_	Animacy=Inan|Case=Ins|Gender=Fem|Number=Sing	_	_	_	@vsv1938m-words#@vsv1938m#713.336#713.692
675	с	с	ADP	_	_	_	_	_	@vsv1938m-words#@vsv1938m#713.692#714.048
676	любовью	любовь	NOUN	_	Animacy=Inan|Case=Ins|Gender=Fem|Number=Sing	_	_	_	@vsv1938m-words#@vsv1938m#714.048#714.404
677	помню	помнить	VERB	_	Aspect=Imp|Mood=Ind|Number=Sing|Person=1|Tense=Pres|VerbForm=Fin|Voice=Act	_	_	_	@vsv1938m-words#@vsv1938m#714.404#714.76
678	их	они	PRON	_	Case=Acc|Number=Plur|Person=3	_	_	_	@vsv1938m-words#@vsv1938m#714.76#715.12
679	они	они	PRON	_	Case=Nom|Number=Plur|Person=3	_	_	_	@vsv1938m-words#@vsv1938m#715.61#715.972
680	мне	я	PRON	_	Case=Dat|Number=Sing|Person=1	_	_	_	@vsv1938m-words#@vsv1938m#715.972#716.334
681	помогли	помочь	VERB	_	Aspect=Perf|Mood=Ind|Number=Plur|Tense=Past|VerbForm=Fin|Voice=Act	_	_	_	@vsv1938m-words#@vsv1938m#716.334#716.696
682	искать	искать	VERB	_	Aspect=Imp|VerbForm=Inf|Voice=Act	_	_	_	@vsv1938m-words#@vsv1938m#716.696#717.058
683	форму	форма	NOUN	_	Animacy=Inan|Case=Acc|Gender=Fem|Number=Sing	_	_	_	@vsv1938m-words#@vsv1938m#717.058#717.422
684	простую	простой	ADJ	_	Case=Acc|Degree=Pos|Gender=Fem|Number=Sing	_	_	_	@vsv1938m-words#@vsv1938m#717.698#718.402
685	потому	потому	SCONJ	_	Degree=Pos	_	_	_	@vsv1938m-words#@vsv1938m#718.899#719.201
686	что	что	SCONJ	_	_	_	_	_	@vsv1938m-words#@vsv1938m#719.201#719.503
687	в	в	ADP	_	_	_	_	_	@vsv1938m-words#@vsv1938m#719.597#719.914
688	общем	общий	ADJ	_	Case=Loc|Degree=Pos|Gender=Neut|Number=Sing	_	_	_	@vsv1938m-words#@vsv1938m#719.914#720.231
689	эти	этот	PRON	_	Case=Acc|Number=Plur	_	_	_	@vsv1938m-words#@vsv1938m#720.231#720.548
690	песни	песня	NOUN	_	Animacy=Inan|Case=Acc|Gender=Fem|Number=Plur	_	_	_	@vsv1938m-words#@vsv1938m#720.548#720.865
691	вот	вот	PART	_	_	_	_	_	@vsv1938m-words#@vsv1938m#720.865#721.182
692	авторские	авторский	ADJ	_	Animacy=Inan|Case=Acc|Degree=Pos|Number=Plur	_	_	_	@vsv1938m-words#@vsv1938m#721.182#721.503
693	мои	мой	DET	_	Case=Acc|Number=Plur	_	_	_	@vsv1938m-words#@vsv1938m#721.805#722.08
694	песни	песня	NOUN	_	Animacy=Inan|Case=Acc|Gender=Fem|Number=Plur	_	_	_	@vsv1938m-words#@vsv1938m#722.08#722.355
695	во	в	ADP	_	_	_	_	_	@vsv1938m-words#@vsv1938m#722.355#722.63
696	всяком	всякий	DET	_	Case=Loc|Gender=Masc|Number=Sing	_	_	_	@vsv1938m-words#@vsv1938m#722.63#722.905
697	случае	случай	NOUN	_	Animacy=Inan|Case=Loc|Gender=Masc|Number=Sing	_	_	_	@vsv1938m-words#@vsv1938m#722.905#723.18
698	я	я	PRON	_	Case=Nom|Number=Sing|Person=1	_	_	_	@vsv1938m-words#@vsv1938m#723.18#723.455
699	хочу	хотеть	VERB	_	Aspect=Imp|Mood=Ind|Number=Sing|Person=1|Tense=Pres|VerbForm=Fin|Voice=Act	_	_	_	@vsv1938m-words#@vsv1938m#723.455#723.73
700	чтобы	чтобы	SCONJ	_	Mood=Cnd	_	_	_	@vsv1938m-words#@vsv1938m#723.73#724.005
701	они	они	PRON	_	Case=Nom|Number=Plur|Person=3	_	_	_	@vsv1938m-words#@vsv1938m#724.005#724.28
702	входили	входить	VERB	_	Aspect=Imp|Mood=Ind|Number=Plur|Tense=Past|VerbForm=Fin|Voice=Act	_	_	_	@vsv1938m-words#@vsv1938m#724.28#724.555
703	не	не	PART	_	_	_	_	_	@vsv1938m-words#@vsv1938m#724.555#724.83
704	только	только	PART	_	_	_	_	_	@vsv1938m-words#@vsv1938m#724.83#725.107
705	в	в	ADP	_	_	_	_	_	@vsv1938m-words#@vsv1938m#725.604#725.953
706	уши	ухо	NOUN	_	Animacy=Inan|Case=Acc|Gender=Neut|Number=Plur	_	_	_	@vsv1938m-words#@vsv1938m#725.953#726.302
707	но	но	CCONJ	_	_	_	_	_	@vsv1938m-words#@vsv1938m#726.503#726.74
708	и	и	PART	_	_	_	_	_	@vsv1938m-words#@vsv1938m#726.74#726.977
709	сразу	сразу	ADV	_	Degree=Pos	_	_	_	@vsv1938m-words#@vsv1938m#726.977#727.214
710	в	в	ADP	_	_	_	_	_	@vsv1938m-words#@vsv1938m#727.214#727.451
711	душу	душа	NOUN	_	Animacy=Inan|Case=Acc|Gender=Fem|Number=Sing	_	_	_	@vsv1938m-words#@vsv1938m#727.451#727.691
712	и	и	CCONJ	_	_	_	_	_	@vsv1938m-words#@vsv1938m#728.409#728.711
713	е...	е…	Х	_	_	_	_	_	@vsv1938m-words#@vsv1938m#728.812#729.114
714	из-за	из-за	ADP	_	_	_	_	_	@vsv1938m-words#@vsv1938m#729.704#730.154
715	этого	это	PRON	_	Animacy=Inan|Case=Gen|Gender=Neut|Number=Sing	_	_	_	@vsv1938m-words#@vsv1938m#730.154#730.604
716	настолько	настолько	ADV	_	Degree=Pos	_	_	_	@vsv1938m-words#@vsv1938m#730.818#731.399
717	очищаешь	очищать	VERB	_	Aspect=Imp|Mood=Ind|Number=Sing|Person=2|Tense=Pres|VerbForm=Fin|Voice=Act	_	_	_	@vsv1938m-words#@vsv1938m#731.399#731.98
718	и	и	CCONJ	_	_	_	_	_	@vsv1938m-words#@vsv1938m#731.98#732.561
719	отбираешь	отбирать	VERB	_	Aspect=Imp|Mood=Ind|Number=Sing|Person=2|Tense=Pres|VerbForm=Fin|Voice=Act	_	_	_	@vsv1938m-words#@vsv1938m#732.561#733.142
720	слова	слово	NOUN	_	Animacy=Inan|Case=Acc|Gender=Neut|Number=Plur	_	_	_	@vsv1938m-words#@vsv1938m#733.142#733.724
721	текст	текст	NOUN	_	Animacy=Inan|Case=Acc|Gender=Masc|Number=Sing	_	_	_	@vsv1938m-words#@vsv1938m#734.503#735.013
722	и	и	CCONJ	_	_	_	_	_	@vsv1938m-words#@vsv1938m#735.597#736.1
723	вместе	вместе	ADV	_	Degree=Pos	_	_	_	@vsv1938m-words#@vsv1938m#736.402#736.777
724	это	это	PRON	_	Animacy=Inan|Case=Acc|Gender=Neut|Number=Sing	_	_	_	@vsv1938m-words#@vsv1938m#736.777#737.152
725	делаешь	делать	VERB	_	Aspect=Imp|Mood=Ind|Number=Sing|Person=2|Tense=Pres|VerbForm=Fin|Voice=Act	_	_	_	@vsv1938m-words#@vsv1938m#737.152#737.527
726	я	я	PRON	_	Case=Nom|Number=Sing|Person=1	_	_	_	@vsv1938m-words#@vsv1938m#737.527#737.902
727	работаю	работать	VERB	_	Aspect=Imp|Mood=Ind|Number=Sing|Person=1|Tense=Pres|VerbForm=Fin|Voice=Act	_	_	_	@vsv1938m-words#@vsv1938m#737.902#738.277
728	с	с	ADP	_	_	_	_	_	@vsv1938m-words#@vsv1938m#738.277#738.652
729	магнитофончиком	магнитофончик	NOUN	_	Animacy=Inan|Case=Ins|Gender=Masc|Number=Sing	_	_	_	@vsv1938m-words#@vsv1938m#738.652#739.027
730	маленький	маленький	ADJ	_	Animacy=Inan|Case=Acc|Degree=Pos|Gender=Masc|Number=Sing	_	_	_	@vsv1938m-words#@vsv1938m#739.027#739.402
731	магнитофончик	магнитофончик	NOUN	_	Animacy=Inan|Case=Acc|Gender=Masc|Number=Sing	_	_	_	@vsv1938m-words#@vsv1938m#739.402#739.777
732	ставлю	ставить	VERB	_	Aspect=Imp|Mood=Ind|Number=Sing|Person=1|Tense=Pres|VerbForm=Fin|Voice=Act	_	_	_	@vsv1938m-words#@vsv1938m#739.777#740.152
733	с	с	ADP	_	_	_	_	_	@vsv1938m-words#@vsv1938m#740.152#740.527
734	собой	себя	PRON	_	Case=Ins	_	_	_	@vsv1938m-words#@vsv1938m#740.527#740.906
735	там	там	ADV	_	Degree=Pos	_	_	_	@vsv1938m-words#@vsv1938m#741.51#741.828
736	приходит	приходить	VERB	_	Aspect=Imp|Mood=Ind|Number=Sing|Person=3|Tense=Pres|VerbForm=Fin|Voice=Act	_	_	_	@vsv1938m-words#@vsv1938m#741.828#742.146
737	какая-то	какой-то	PRON	_	Case=Nom|Gender=Fem|Number=Sing	_	_	_	@vsv1938m-words#@vsv1938m#742.146#742.464
738	строка	строка	NOUN	_	Animacy=Inan|Case=Nom|Gender=Fem|Number=Sing	_	_	_	@vsv1938m-words#@vsv1938m#742.464#742.782
739	если	если	SCONJ	_	_	_	_	_	@vsv1938m-words#@vsv1938m#742.782#743.1
740	она	она	PRON	_	Case=Nom|Gender=Fem|Number=Sing|Person=3	_	_	_	@vsv1938m-words#@vsv1938m#743.1#743.418
741	не	не	PART	_	_	_	_	_	@vsv1938m-words#@vsv1938m#743.418#743.736
742	лезет	лезть	VERB	_	Aspect=Imp|Mood=Ind|Number=Sing|Person=3|Tense=Pres|VerbForm=Fin|Voice=Act	_	_	_	@vsv1938m-words#@vsv1938m#743.736#744.054
743	я	я	PRON	_	Case=Nom|Number=Sing|Person=1	_	_	_	@vsv1938m-words#@vsv1938m#744.054#744.372
744	пытаюсь	пытаться	VERB	_	Aspect=Imp|Mood=Ind|Number=Sing|Person=1|Tense=Pres|VerbForm=Fin|Voice=Mid	_	_	_	@vsv1938m-words#@vsv1938m#744.372#744.69
745	ритм	ритм	NOUN	_	Animacy=Inan|Case=Acc|Gender=Masc|Number=Sing	_	_	_	@vsv1938m-words#@vsv1938m#744.69#745.013
746	это	это	DET	_	Animacy=Inan|Case=Acc|Gender=Neut|Number=Sing	_	_	_	@vsv1938m-words#@vsv1938m#745.396#745.687
747	все	все	DET	_	Case=Acc|Gender=Neut|Number=Sing	_	_	_	@vsv1938m-words#@vsv1938m#745.687#745.978
748	вместе	вместе	ADV	_	Degree=Pos	_	_	_	@vsv1938m-words#@vsv1938m#745.978#746.269
749	я	я	PRON	_	Case=Nom|Number=Sing|Person=1	_	_	_	@vsv1938m-words#@vsv1938m#746.269#746.56
750	даже	даже	PART	_	_	_	_	_	@vsv1938m-words#@vsv1938m#746.56#746.851
751	не	не	PART	_	_	_	_	_	@vsv1938m-words#@vsv1938m#746.851#747.142
752	знаю	знать	VERB	_	Aspect=Imp|Mood=Ind|Number=Sing|Person=1|Tense=Pres|VerbForm=Fin|Voice=Act	_	_	_	@vsv1938m-words#@vsv1938m#747.142#747.433
753	ино...	ино…	Х	_	_	_	_	_	@vsv1938m-words#@vsv1938m#747.433#747.724
754	иногда	иногда	ADV	_	Degree=Pos	_	_	_	@vsv1938m-words#@vsv1938m#747.724#748.015
755	что	что	SCONJ	_	_	_	_	_	@vsv1938m-words#@vsv1938m#748.015#748.306
756	раньше	рано	ADV	_	Degree=Cmp	_	_	_	@vsv1938m-words#@vsv1938m#748.306#748.597
757	что	что	SCONJ	_	_	_	_	_	@vsv1938m-words#@vsv1938m#748.597#748.888
758	позже	поздно	ADV	_	Degree=Cmp	_	_	_	@vsv1938m-words#@vsv1938m#748.888#749.181
759	иногда	иногда	ADV	_	Degree=Pos	_	_	_	@vsv1938m-words#@vsv1938m#749.604#749.958
760	просто	просто	PART	_	_	_	_	_	@vsv1938m-words#@vsv1938m#749.958#750.312
761	напишу	писать	VERB	_	Aspect=Perf|Mood=Ind|Number=Sing|Person=1|Tense=Fut|VerbForm=Fin|Voice=Act	_	_	_	@vsv1938m-words#@vsv1938m#750.312#750.666
762	стихотворение	стихотворение	NOUN	_	Animacy=Inan|Case=Acc|Gender=Neut|Number=Sing	_	_	_	@vsv1938m-words#@vsv1938m#750.666#751.02
763	и	и	CCONJ	_	_	_	_	_	@vsv1938m-words#@vsv1938m#751.02#751.374
764	начинаю	начинать	VERB	_	Aspect=Imp|Mood=Ind|Number=Sing|Person=1|Tense=Pres|VerbForm=Fin|Voice=Act	_	_	_	@vsv1938m-words#@vsv1938m#751.374#751.728
765	мучиться	мучиться	VERB	_	Aspect=Imp|VerbForm=Inf|Voice=Mid	_	_	_	@vsv1938m-words#@vsv1938m#751.728#752.082
766	с	с	ADP	_	_	_	_	_	@vsv1938m-words#@vsv1938m#752.082#752.436
767	мелодией	мелодия	NOUN	_	Animacy=Inan|Case=Ins|Gender=Fem|Number=Sing	_	_	_	@vsv1938m-words#@vsv1938m#752.436#752.798
768	никогда	никогда	ADV	_	Degree=Pos	_	_	_	@vsv1938m-words#@vsv1938m#753.302#753.635
769	ничего	ничто	PRON	_	Case=Gen	_	_	_	@vsv1938m-words#@vsv1938m#753.635#753.968
770	не	не	PART	_	_	_	_	_	@vsv1938m-words#@vsv1938m#753.968#754.301
771	выходит	выходить	VERB	_	Aspect=Imp|Mood=Ind|Number=Sing|Person=3|Tense=Pres|VerbForm=Fin|Voice=Act	_	_	_	@vsv1938m-words#@vsv1938m#754.301#754.634
772	я	я	PRON	_	Case=Nom|Number=Sing|Person=1	_	_	_	@vsv1938m-words#@vsv1938m#754.634#754.967
773	бросаю	бросать	VERB	_	Aspect=Imp|Mood=Ind|Number=Sing|Person=1|Tense=Pres|VerbForm=Fin|Voice=Act	_	_	_	@vsv1938m-words#@vsv1938m#754.967#755.302
774	и	и	CCONJ	_	_	_	_	_	@vsv1938m-words#@vsv1938m#755.711#756.179
775	на	на	ADP	_	_	_	_	_	@vsv1938m-words#@vsv1938m#756.179#756.647
776	пятнадцатый	пятнадцатый	DET	_	Animacy=Inan|Case=Acc|Degree=Pos|Gender=Masc|Number=Sing	_	_	_	@vsv1938m-words#@vsv1938m#756.647#757.115
777	двадцатый	двадцатый	DET	_	Animacy=Inan|Case=Acc|Degree=Pos|Gender=Masc|Number=Sing	_	_	_	@vsv1938m-words#@vsv1938m#757.115#757.583
778	раз	раз	NOUN	_	Animacy=Inan|Case=Acc|Gender=Masc|Number=Sing	_	_	_	@vsv1938m-words#@vsv1938m#757.583#758.051
779	исполнения	исполнение	NOUN	_	Animacy=Inan|Case=Gen|Gender=Neut|Number=Sing	_	_	_	@vsv1938m-words#@vsv1938m#758.051#758.523
780	моего	мой	DET	_	Case=Gen|Gender=Masc|Number=Sing	_	_	_	@vsv1938m-words#@vsv1938m#758.906#759.295
781	на	на	ADP	_	_	_	_	_	@vsv1938m-words#@vsv1938m#759.396#759.651
782	людях	человек	NOUN	_	Animacy=Anim|Case=Loc|Gender=Masc|Number=Plur	_	_	_	@vsv1938m-words#@vsv1938m#759.651#759.906
783	на	на	ADP	_	_	_	_	_	@vsv1938m-words#@vsv1938m#760.114#760.459
784	зрителях	зритель	NOUN	_	Animacy=Inan|Case=Loc|Gender=Fem|Number=Plur	_	_	_	@vsv1938m-words#@vsv1938m#760.459#760.805
785	выкристаллизовывается	выкристаллизовываться	VERB	_	Aspect=Imp|Mood=Ind|Number=Sing|Person=3|Tense=Pres|VerbForm=Fin|Voice=Mid	_	_	_	@vsv1938m-words#@vsv1938m#761.013#761.758
786	мелодия	мелодия	NOUN	_	Animacy=Inan|Case=Nom|Gender=Fem|Number=Sing	_	_	_	@vsv1938m-words#@vsv1938m#761.758#762.503
787	ну	ну	PART	_	_	_	_	_	@is1950f-words#@is1950f#465.807#466.042
788	вот	вот	PART	_	_	_	_	_	@is1950f-words#@is1950f#466.042#466.277
789	видите	видеть	VERB	_	Aspect=Imp|Mood=Ind|Number=Plur|Person=2|Tense=Pres|VerbForm=Fin|Voice=Act	_	_	_	@is1950f-words#@is1950f#466.277#466.513
790	назовите	назвать	VERB	_	Aspect=Perf|Mood=Imp|Number=Plur|Person=2|VerbForm=Fin|Voice=Act	_	_	_	@is1950f-words#@is1950f#466.563#467.043
791	все-таки	все-таки	PART	_	_	_	_	_	@is1950f-words#@is1950f#467.043#467.523
792	конкретный	конкретный	ADJ	_	Animacy=Inan|Case=Acc|Degree=Pos|Gender=Masc|Number=Sing	_	_	_	@is1950f-words#@is1950f#467.698#468.171
793	жанр	жанр	NOUN	_	Animacy=Inan|Case=Acc|Gender=Masc|Number=Sing	_	_	_	@is1950f-words#@is1950f#468.171#468.644
794	вот	вот	PART	_	_	_	_	_	@is1950f-words#@is1950f#468.805#469.006
795	вы	вы	PRON	_	Case=Nom|Number=Plur|Person=2	_	_	_	@is1950f-words#@is1950f#469.006#469.207
796	говорите	говорите	VERB	_	Animacy=Anim|Case=Dat|Gender=Masc|Number=Sing	_	_	_	@is1950f-words#@is1950f#469.207#469.409
797	[нрзб]	_	Х	_	_	_	_	_	@is1950f-words#@is1950f#470.302#470.583
798	романс	романс	NOUN	_	Animacy=Inan|Case=Acc|Gender=Masc|Number=Sing	_	_	_	@is1950f-words#@is1950f#470.583#470.865
799	ну	ну	PART	_	_	_	_	_	@is1950f-words#@is1950f#471.604#472.053
800	у	у	ADP	_	_	_	_	_	@is1950f-words#@is1950f#472.053#472.502
801	вас	вы	PRON	_	Case=Gen|Number=Plur|Person=2	_	_	_	@is1950f-words#@is1950f#472.502#472.951
802	же	же	PART	_	_	_	_	_	@is1950f-words#@is1950f#472.951#473.4
803	[нрзб]	_	X	_	_	_	_	_	@is1950f-words#@is1950f#473.4#473.852
804	ну	ну	PART	_	_	_	_	_	@aaa1940m-words#@aaa1940m#679.201#679.551
805	альпинистскую	альпинистскую	ADJ	_	Case=Acc|Gender=Fem|Number=Sing	_	_	_	@aaa1940m-words#@aaa1940m#679.551#679.901
806	то	то	PART						
807	серию	серия	NOUN	_	Animacy=Inan|Case=Acc|Gender=Fem|Number=Sing	_	_	_	@aaa1940m-words#@aaa1940m#679.901#680.251
808	вы	вы	PRON	_	Case=Nom|Number=Plur|Person=2	_	_	_	@aaa1940m-words#@aaa1940m#680.251#680.601
809	писали	писать	VERB	_	Aspect=Imp|Mood=Ind|Number=Plur|Tense=Past|VerbForm=Fin|Voice=Act	_	_	_	@aaa1940m-words#@aaa1940m#680.601#680.951
810	все-таки	все-таки	PART	_	_	_	_	_	@aaa1940m-words#@aaa1940m#680.951#681.302
811	#одновременно#	_	X	_	_	_	_	_	@aaa1940m-words#@aaa1940m#682.711#683.409
